url,registrable,text
https://kotakbank.com/,kotakbank.com,"https://kotakbank.com/ ğŸš¨ VERDICT: BENIGN (Risk Score: 0/100, Confidence: 0.50)

Domain: kotakbank.com
URL: https://kotakbank.com/
Registrable Domain: kotakbank.com

ğŸ” Page Features & Analysis:

   URL Structure:
      Length: 22 chars, Entropy: 3.63
      Subdomains: 0, Hyphens: 0, Special Chars: 0

   ğŸ“ Forms Detected:
      Total Forms: 1
      Password Fields: 0
      Email Fields: 0
      Submit Buttons: Search

   ğŸ“„ Page Content:
      External Links: 6

   âš ï¸ JavaScript Behavior:
      ğŸš¨ Obfuscated Co"
https://bharatpetroleum.in/,bharatpetroleum.in,"https://bharatpetroleum.in/ ğŸš¨ VERDICT: BENIGN (Risk Score: 0/100, Confidence: 0.50)

Domain: bharatpetroleum.in
URL: https://bharatpetroleum.in/
Registrable Domain: bharatpetroleum.in

ğŸ” Page Features & Analysis:

   URL Structure:
      Length: 27 chars, Entropy: 3.91
      Subdomains: 0, Hyphens: 0, Special Chars: 0

ğŸ“Š Metadata:
   First Seen: 2025-10-14T14:40:30.009370+00:00
   Processing Stage: rules:benign"
,yonosbi.sbi," Domain: yonosbi.sbi
Registrable Domain: yonosbi.sbi

ğŸ“Š Metadata:
   First Seen: 1760452828441"
,iciciforexservices.com," Domain: iciciforexservices.com
Registrable Domain: iciciforexservices.com

ğŸ“Š Metadata:
   First Seen: 1760452828442"
,onlinesbi.com," Domain: corp.onlinesbi.com
Registrable Domain: onlinesbi.com

ğŸ“Š Metadata:
   First Seen: 1760452828442"
,yesbank.co.in," Domain: netbanking.yesbank.co.in
Registrable Domain: yesbank.co.in

ğŸ“Š Metadata:
   First Seen: 1760452828442"
,viijayabank.com," Domain: viijayabank.com
Registrable Domain: viijayabank.com

ğŸ“Š Metadata:
   First Seen: 1760452828444"
,sbilife.co.in," ğŸš¨ VERDICT: BENIGN (Risk Score: 0/100, Confidence: 0.50)

Domain: sbilife.co.in
Registrable Domain: sbilife.co.in

ğŸ“¡ DNS Records:
   A (IPv4): 124.124.101.48, 121.240.9.63
   MX (Mail): mx-sliport02.logix.in, mx-sliport01.logix.in, mx-sliport03.logix.in
   NS (Nameservers): dolly.ns.cloudflare.com, drew.ns.cloudflare.com

ğŸ“‹ WHOIS Information:
   Registrar: Endurance Digital Domain Technology Private Limited
   Domain Age: 8172 days
   Days Until Expiry: 1689

ğŸŒ Network & Location:
   ASN: 18101
   Country: "
,corpbank.com," Domain: corpbank.com
Registrable Domain: corpbank.com

ğŸ“Š Metadata:
   First Seen: 1760452828445"
,syndicatebank.in," Domain: syndicatebank.in
Registrable Domain: syndicatebank.in

ğŸ“Š Metadata:
   First Seen: 1760452828445"
,.nic.in," Domain: nic.in
Registrable Domain: .nic.in

ğŸ“Š Metadata:
   First Seen: 1760452977696"
,pmo.gov.in," ğŸš¨ VERDICT: BENIGN (Risk Score: 0/100, Confidence: 0.50)

Domain: pmo.gov.in
Registrable Domain: pmo.gov.in

ğŸ“¡ DNS Records:
   MX (Mail): mx.mailcloud.in, mx3.mailcloud.in, mx2.mailcloud.in
   NS (Nameservers): ns10.nic.in, ns1.nic.in, ns7.nic.in, ns2.nic.in

ğŸ“‹ WHOIS Information:
   Registrar: National Informatics Centre
   Domain Age: 434 days
   Days Until Expiry: 295

ğŸ“Š Metadata:
   First Seen: 2025-10-14T14:43:01.895365+00:00
   Processing Stage: rules:benign"
,incometax.gov.in," Domain: incometax.gov.in
Registrable Domain: incometax.gov.in

ğŸ“Š Metadata:
   First Seen: 1760452966638"
,vi.in," Domain: vi.in
Registrable Domain: vi.in

ğŸ“Š Metadata:
   First Seen: 1760452828447"
,passportindia.gov.in," Domain: passportindia.gov.in
Registrable Domain: passportindia.gov.in

ğŸ“Š Metadata:
   First Seen: 1760452979686"
,nseindia.com," ğŸš¨ VERDICT: BENIGN (Risk Score: 0/100, Confidence: 0.50)

Domain: nseindia.com
Registrable Domain: nseindia.com

ğŸ“¡ DNS Records:
   A (IPv4): 23.55.244.169, 23.55.244.163
   NS (Nameservers): asia3.akam.net, ns1-120.akam.net, ns1-205.akam.net, eur2.akam.net, eur5.akam.net, use1.akam.net, use9.akam.net, usw4.akam.net

ğŸ“‹ WHOIS Information:
   Registrar: BigRock Solutions Ltd
   Domain Age: 9920 days
   Days Until Expiry: 2862

ğŸŒ Network & Location:
   ASN: 20940
   Country: IN, Mumbai

ğŸ“Š Metadata:
   First See"
,coalindia.in," Domain: coalindia.in
Registrable Domain: coalindia.in

ğŸ“Š Metadata:
   First Seen: 1760452931940"
,isro.gov.in," Domain: isro.gov.in
Registrable Domain: isro.gov.in

ğŸ“Š Metadata:
   First Seen: 1760452959960"
https://rbi.org.in/,rbi.org.in,"https://rbi.org.in/ ğŸš¨ VERDICT: BENIGN (Risk Score: 0/100, Confidence: 0.50)

Domain: rbi.org.in
URL: https://rbi.org.in/
Registrable Domain: rbi.org.in

ğŸ” Page Features & Analysis:

   URL Structure:
      Length: 19 chars, Entropy: 3.58
      Subdomains: 1, Hyphens: 0, Special Chars: 0

   ğŸ“ Forms Detected:
      Total Forms: 1
      Password Fields: 0
      Email Fields: 0

   ğŸ“„ Page Content:
      External Links: 365

   ğŸš© Phishing Keywords Detected: account

   âš ï¸ JavaScript Behavior:
      ğŸš¨ Obfuscated"
,upi.org.in," ğŸš¨ VERDICT: BENIGN (Risk Score: 0/100, Confidence: 0.50)

Domain: upi.org.in
Registrable Domain: upi.org.in

ğŸ“¡ DNS Records:

ğŸ“‹ WHOIS Information:
   Registrar: HIOX SOFTWARES PRIVATE LIMITED
   Domain Age: 489 days
   Days Until Expiry: 240

ğŸ“Š Metadata:
   First Seen: 2025-10-14T14:43:21.500509+00:00
   Processing Stage: rules:benign"
,npci.org.in," Domain: imps.npci.org.in
Registrable Domain: npci.org.in

ğŸ“Š Metadata:
   First Seen: 1760452959057"
,paytmbank.com," Domain: paytmbank.com
Registrable Domain: paytmbank.com

ğŸ“Š Metadata:
   First Seen: 1760452828452"
,bbps.org.in," Domain: bbps.org.in
Registrable Domain: bbps.org.in

ğŸ“Š Metadata:
   First Seen: 1760452978441"
,india.gov.in," Domain: india.gov.in
Registrable Domain: india.gov.in

ğŸ“Š Metadata:
   First Seen: 1760452972967"
,redbus.in," Domain: redbus.in
Registrable Domain: redbus.in

ğŸ“Š Metadata:
   First Seen: 1760452828453"
,zomato.com," Domain: zomato.com
Registrable Domain: zomato.com

ğŸ“Š Metadata:
   First Seen: 1760452828453"
,airindia.co.in," Domain: airindia.co.in
Registrable Domain: airindia.co.in

ğŸ“Š Metadata:
   First Seen: 1760452828453"
,makemytrip.com," Domain: makemytrip.com
Registrable Domain: makemytrip.com

ğŸ“Š Metadata:
   First Seen: 1760452828453"
,goibibo.com," Domain: goibibo.com
Registrable Domain: goibibo.com

ğŸ“Š Metadata:
   First Seen: 1760452828453"
,goindigo.in," Domain: goindigo.in
Registrable Domain: goindigo.in

ğŸ“Š Metadata:
   First Seen: 1760452828453"
,yatra.com," Domain: yatra.com
Registrable Domain: yatra.com

ğŸ“Š Metadata:
   First Seen: 1760452828453"
,airvistara.com," Domain: airvistara.com
Registrable Domain: airvistara.com

ğŸ“Š Metadata:
   First Seen: 1760452828454"
,denabank.com," Domain: denabank.com
Registrable Domain: denabank.com

ğŸ“Š Metadata:
   First Seen: 1760452828454"
,starhealth.in," Domain: starhealth.in
Registrable Domain: starhealth.in

ğŸ“Š Metadata:
   First Seen: 1760452828454"
,drdo.gov.in," Domain: drdo.gov.in
Registrable Domain: drdo.gov.in

ğŸ“Š Metadata:
   First Seen: 1760452966638"
,iitm.ac.in," Domain: iitm.ac.in
Registrable Domain: iitm.ac.in

ğŸ“Š Metadata:
   First Seen: 1760452956358"
,bihar.gov.in," ğŸš¨ VERDICT: BENIGN (Risk Score: 0/100, Confidence: 0.50)

Domain: bihar.gov.in
Registrable Domain: bihar.gov.in

ğŸ“¡ DNS Records:
   MX (Mail): mailgw.nic.in
   NS (Nameservers): dns3.bihar.gov.in, dns2.bihar.gov.in, dns4.bihar.gov.in, dns1.bihar.gov.in

ğŸ“‹ WHOIS Information:
   Registrar: National Informatics Centre
   Domain Age: 6419 days
   Days Until Expiry: 154

ğŸ“Š Metadata:
   First Seen: 2025-10-14T14:43:05.298878+00:00
   Processing Stage: rules:benign"
,email.gov.in," Domain: email.gov.in
Registrable Domain: email.gov.in

ğŸ“¡ DNS Records:
   A (IPv4): 164.100.15.5
   NS (Nameservers): ns7.nic.in, ns2.nic.in, ns1.nic.in

ğŸ“‹ WHOIS Information:
   Registrar: National Informatics Centre
   Domain Age: 3218 days
   Days Until Expiry: 68

ğŸŒ Network & Location:
   ASN: 4758
   Country: IN, Delhi

ğŸ“Š Metadata:
   First Seen: 1760500622.4914806
   Processing Stage: resolved"
,manipalhospitals.com," Domain: manipalhospitals.com
Registrable Domain: manipalhospitals.com

ğŸ“Š Metadata:
   First Seen: 1760452828460"
,fortishealthcare.com," Domain: fortishealthcare.com
Registrable Domain: fortishealthcare.com

ğŸ“Š Metadata:
   First Seen: 1760452828460"
,cg.gov.in," ğŸš¨ VERDICT: BENIGN (Risk Score: 0/100, Confidence: 0.50)

Domain: cg.gov.in
Registrable Domain: cg.gov.in

ğŸ“¡ DNS Records:
   A (IPv4): 164.100.150.66
   MX (Mail): mailgw.nic.in
   NS (Nameservers): ns7.nic.in, ns2.nic.in, ns1.nic.in, ns10.nic.in

ğŸ“‹ WHOIS Information:
   Registrar: National Informatics Centre
   Domain Age: 7388 days
   Days Until Expiry: 281

ğŸŒ Network & Location:
   ASN: 4758
   Country: IN, Jaipur

ğŸ“Š Metadata:
   First Seen: 2025-10-14T14:43:44.565274+00:00
   Processing Stage: rules:ben"
,hp.gov.in," Domain: hp.gov.in
Registrable Domain: hp.gov.in

ğŸ“Š Metadata:
   First Seen: 1760453019133"
,andaman.gov.in," ğŸš¨ VERDICT: BENIGN (Risk Score: 0/100, Confidence: 0.50)

Domain: andaman.gov.in
Registrable Domain: andaman.gov.in

ğŸ“¡ DNS Records:

ğŸ“‹ WHOIS Information:
   Registrar: National Informatics Centre
   Domain Age: 7452 days
   Days Until Expiry: 217

ğŸ“Š Metadata:
   First Seen: 2025-10-14T14:43:23.730243+00:00
   Processing Stage: rules:benign"
https://ongcindia.com/,ongcindia.com,"https://ongcindia.com/ ğŸš¨ VERDICT: BENIGN (Risk Score: 0/100, Confidence: 0.50)

Domain: ongcindia.com
URL: https://ongcindia.com/
Registrable Domain: ongcindia.com

ğŸ” Page Features & Analysis:

   URL Structure:
      Length: 22 chars, Entropy: 3.79
      Subdomains: 0, Hyphens: 0, Special Chars: 0

ğŸ“Š Metadata:
   First Seen: 2025-10-14T14:49:00.192115+00:00
   Processing Stage: rules:benign"
https://nhai.gov.in/#/,nhai.gov.in,"https://nhai.gov.in/#/ ğŸš¨ VERDICT: BENIGN (Risk Score: 0/100, Confidence: 0.50)

Domain: nhai.gov.in
URL: https://nhai.gov.in/#/
Registrable Domain: nhai.gov.in

ğŸ” Page Features & Analysis:

   URL Structure:
      Length: 22 chars, Entropy: 3.64
      Subdomains: 1, Hyphens: 0, Special Chars: 1

   ğŸ“„ Page Content:
      External Links: 77

   âš ï¸ JavaScript Behavior:

ğŸ“Š Metadata:
   First Seen: 2025-10-14T14:47:45.617558+00:00
   Processing Stage: rules:benign"
https://gailonline.com/,gailonline.com,"https://gailonline.com/ ğŸš¨ VERDICT: BENIGN (Risk Score: 0/100, Confidence: 0.50)

Domain: gailonline.com
URL: https://gailonline.com/
Registrable Domain: gailonline.com

ğŸ” Page Features & Analysis:

   URL Structure:
      Length: 23 chars, Entropy: 3.88
      Subdomains: 0, Hyphens: 0, Special Chars: 0

   ğŸ“ Forms Detected:
      Total Forms: 2
      Password Fields: 0
      Email Fields: 0

   ğŸ“„ Page Content:
      External Links: 248

   ğŸš© Phishing Keywords Detected: account

   âš ï¸ JavaScript Behavior:

ğŸ“Š"
https://www.wipro.com/,wipro.com,"https://www.wipro.com/ ğŸš¨ VERDICT: BENIGN (Risk Score: 0/100, Confidence: 0.50)

Domain: www.wipro.com
URL: https://www.wipro.com/
Registrable Domain: wipro.com

ğŸ” Page Features & Analysis:

   URL Structure:
      Length: 22 chars, Entropy: 3.52
      Subdomains: 1, Hyphens: 0, Special Chars: 0

   ğŸ“ Forms Detected:
      Total Forms: 2
      Password Fields: 0
      Email Fields: 1
      Submit Buttons: Submit

   ğŸ“„ Page Content:
      External Links: 49

   ğŸš© Phishing Keywords Detected: secure

   âš ï¸ Java"
,aiims.edu," Domain: aiims.edu
Registrable Domain: aiims.edu

ğŸ“¡ DNS Records:
   A (IPv4): 203.115.96.82
   MX (Mail): ALT3.ASPMX.L.GOOGLE.COM, ALT1.ASPMX.L.GOOGLE.COM, ALT4.ASPMX.L.GOOGLE.COM, ALT2.ASPMX.L.GOOGLE.COM, ASPMX.L.GOOGLE.COM
   NS (Nameservers): ns.pugmarks.com, ns1.pugmarks.com

ğŸ“‹ WHOIS Information:
   Domain Age: 10458 days
   Days Until Expiry: 289

ğŸŒ Network & Location:
   ASN: 17426
   Country: IN, Mumbai

ğŸ“Š Metadata:
   First Seen: 1760452919.1980977
   Processing Stage: resolved"
https://arunachalpradesh.gov.in/,arunachalpradesh.gov.in,"https://arunachalpradesh.gov.in/ Domain: arunachalpradesh.gov.in
Registrable Domain: arunachalpradesh.gov.in

ğŸ“¡ DNS Records:
   A (IPv4): 160.30.140.24
   NS (Nameservers): ns1.nic.in, ns2.nic.in, ns7.nic.in, ns10.nic.in

ğŸ“‹ WHOIS Information:
   Registrar: National Informatics Centre
   Domain Age: 7109 days
   Days Until Expiry: 195

ğŸŒ Network & Location:
   ASN: 153213
   Country: IN

ğŸ“Š Metadata:
   First Seen: 1760452920.775456
   Processing Stage: resolved"
,accounts.mgovcloud.in," ğŸš¨ VERDICT: BENIGN (Risk Score: 0/100, Confidence: 0.50)

Domain: accounts.mgovcloud.in
Registrable Domain: accounts.mgovcloud.in

ğŸ“¡ DNS Records:
   A (IPv4): 169.148.142.41
   CNAME: zs-in2nic-lc1.mgovcloud.in

ğŸ“‹ WHOIS Information:
   Registrar: MarkMonitor, Inc.
   Domain Age: 575 days
   Days Until Expiry: 154

ğŸŒ Network & Location:
   ASN: 56201
   Country: IN

ğŸ“Š Metadata:
   First Seen: 2025-10-15T03:57:04.826129+00:00
   Processing Stage: rules:benign"
https://chandigarh.gov.in/,chandigarh.gov.in,"https://chandigarh.gov.in/ Domain: chandigarh.gov.in
Registrable Domain: chandigarh.gov.in

ğŸ“¡ DNS Records:
   A (IPv4): 164.100.166.106
   NS (Nameservers): ns2.nic.in, ns10.nic.in, ns7.nic.in, ns1.nic.in

ğŸ“‹ WHOIS Information:
   Registrar: National Informatics Centre
   Domain Age: 7530 days
   Days Until Expiry: 139

ğŸŒ Network & Location:
   ASN: 4758
   Country: IN

ğŸ“Š Metadata:
   First Seen: 1760452923.306061
   Processing Stage: resolved"
,ap.gov.in," Domain: ap.gov.in
Registrable Domain: ap.gov.in

ğŸ“¡ DNS Records:
   A (IPv4): 103.129.75.39
   MX (Mail): mailgw.nic.in
   NS (Nameservers): dns4.ap.gov.in, dns1.ap.gov.in, dns2.ap.gov.in, dns5.ap.gov.in, dns3.ap.gov.in

ğŸ“‹ WHOIS Information:
   Registrar: National Informatics Centre
   Domain Age: 8264 days
   Days Until Expiry: 136

ğŸŒ Network & Location:
   ASN: 137671
   Country: IN

ğŸ“Š Metadata:
   First Seen: 1760452928.995967
   Processing Stage: resolved"
,aicte-india.org," Domain: aicte-india.org
Registrable Domain: aicte-india.org

ğŸ“¡ DNS Records:
   A (IPv4): 125.17.136.10
   MX (Mail): alt4.aspmx.l.google.com, aspmx.l.google.com, alt1.aspmx.l.google.com, alt3.aspmx.l.google.com, alt2.aspmx.l.google.com
   NS (Nameservers): llb.aicte-india.org

ğŸ“‹ WHOIS Information:
   Registrar: PDR Ltd. d/b/a PublicDomainRegistry.com
   Domain Age: 5807 days
   Days Until Expiry: 2593

ğŸŒ Network & Location:
   ASN: 9498
   Country: IN, Mumbai

ğŸ“Š Metadata:
   First Seen: 1760452929.0120494
"
,cbse.gov.in," Domain: cbse.gov.in
Registrable Domain: cbse.gov.in

ğŸ“¡ DNS Records:
   A (IPv4): 164.100.187.100
   MX (Mail): mx3.mgovcloud.in, mx.mgovcloud.in, mx2.mgovcloud.in
   NS (Nameservers): ns1.nic.in, ns7.nic.in, ns10.nic.in, ns2.nic.in

ğŸ“‹ WHOIS Information:
   Registrar: National Informatics Centre
   Domain Age: 7158 days
   Days Until Expiry: 146

ğŸŒ Network & Location:
   ASN: 4758
   Country: IN

ğŸ“Š Metadata:
   First Seen: 1760452929.0183551
   Processing Stage: resolved"
https://dnh.gov.in/,dnh.gov.in,"https://dnh.gov.in/ ğŸš¨ VERDICT: BENIGN (Risk Score: 0/100, Confidence: 0.50)

Domain: dnh.gov.in
URL: https://dnh.gov.in/
Registrable Domain: dnh.gov.in

ğŸ” Page Features & Analysis:

   URL Structure:
      Length: 19 chars, Entropy: 3.58
      Subdomains: 1, Hyphens: 0, Special Chars: 0

   ğŸ“ Forms Detected:
      Total Forms: 1
      Password Fields: 0
      Email Fields: 0
      Submit Buttons: Search

   ğŸ“„ Page Content:
      External Links: 60

   âš ï¸ JavaScript Behavior:
      ğŸš¨ Obfuscated Code Detected"
https://delhi.gov.in/,delhi.gov.in,"https://delhi.gov.in/ ğŸš¨ VERDICT: BENIGN (Risk Score: 0/100, Confidence: 0.50)

Domain: delhi.gov.in
URL: https://delhi.gov.in/
Registrable Domain: delhi.gov.in

ğŸ” Page Features & Analysis:

   URL Structure:
      Length: 21 chars, Entropy: 3.78
      Subdomains: 1, Hyphens: 0, Special Chars: 0

   ğŸ“ Forms Detected:
      Total Forms: 2
      Password Fields: 0
      Email Fields: 0

   ğŸ“„ Page Content:
      External Links: 21

   ğŸš© Phishing Keywords Detected: login

   âš ï¸ JavaScript Behavior:
      ğŸš¨ Obfus"
,bhimupi.org.in," Domain: bhimupi.org.in
Registrable Domain: bhimupi.org.in

ğŸ“¡ DNS Records:
   A (IPv4): 184.86.112.19, 184.86.112.33
   AAAA (IPv6): 2600:140f:5::17c3:6992, 2600:140f:5::17c3:699a
   NS (Nameservers): a11-67.akam.net, a10-65.akam.net, a16-66.akam.net, a2-66.akam.net, a13-64.akam.net, a1-177.akam.net

ğŸ“‹ WHOIS Information:
   Registrar: OVI HOSTING PVT LTD
   Domain Age: 3177 days
   Days Until Expiry: 474

ğŸŒ Network & Location:
   ASN: 20940
   Country: IN, New Delhi

ğŸ“Š Metadata:
   First Seen: 1760452929.90"
https://assam.gov.in/,assam.gov.in,"https://assam.gov.in/ ğŸš¨ VERDICT: BENIGN (Risk Score: 0/100, Confidence: 0.50)

Domain: assam.gov.in
URL: https://assam.gov.in/
Registrable Domain: assam.gov.in

ğŸ” Page Features & Analysis:

   URL Structure:
      Length: 21 chars, Entropy: 3.65
      Subdomains: 1, Hyphens: 0, Special Chars: 0

   ğŸ“„ Page Content:
      External Links: 1

   âš ï¸ JavaScript Behavior:

ğŸ“Š Metadata:
   First Seen: 2025-10-14T14:49:55.058216+00:00
   Processing Stage: rules:benign"
,csir.res.in," Domain: csir.res.in
Registrable Domain: csir.res.in

ğŸ“Š Metadata:
   First Seen: 1760452966638"
https://cris.org.in/,cris.org.in,"https://cris.org.in/ ğŸš¨ VERDICT: BENIGN (Risk Score: 0/100, Confidence: 0.50)

Domain: cris.org.in
URL: https://cris.org.in/
Registrable Domain: cris.org.in

ğŸ” Page Features & Analysis:

   URL Structure:
      Length: 20 chars, Entropy: 3.58
      Subdomains: 1, Hyphens: 0, Special Chars: 0

   ğŸ“„ Page Content:
      External Links: 85

   ğŸš© Phishing Keywords Detected: account, secure, verify, urgent

   âš ï¸ JavaScript Behavior:
      ğŸš¨ Obfuscated Code Detected

ğŸ“Š Metadata:
   First Seen: 2025-10-14T14:44:06."
,gov.in," Domain: gov.in
Registrable Domain: gov.in

ğŸ“¡ DNS Records:
   MX (Mail): mx2.mgovcloud.in, mx3.mgovcloud.in, mx.mgovcloud.in
   NS (Nameservers): ns10.trs-dns.info, ns01.trs-dns.com, ns01.trs-dns.net, ns10.trs-dns.org

ğŸ“‹ WHOIS Information:
   Registrar: National Internet Exchange of India
   Domain Age: 139 days
   Days Until Expiry: 3512

ğŸ“Š Metadata:
   First Seen: 1760452931.993091
   Processing Stage: resolved"
,epfindia.gov.in," Domain: epfindia.gov.in
Registrable Domain: epfindia.gov.in

ğŸ“¡ DNS Records:
   A (IPv4): 164.100.160.96
   MX (Mail): mx2.mgovcloud.in, mx.mgovcloud.in, mx3.mgovcloud.in
   NS (Nameservers): ns2.nic.in, ns7.nic.in, ns10.nic.in, ns1.nic.in

ğŸ“‹ WHOIS Information:
   Registrar: National Informatics Centre
   Domain Age: 7958 days
   Days Until Expiry: 77

ğŸŒ Network & Location:
   ASN: 4758
   Country: IN

ğŸ“Š Metadata:
   First Seen: 1760452932.1105375
   Processing Stage: resolved"
https://bsnl.co.in/,bsnl.co.in,"https://bsnl.co.in/ ğŸš¨ VERDICT: BENIGN (Risk Score: 0/100, Confidence: 0.50)

Domain: bsnl.co.in
URL: https://bsnl.co.in/
Registrable Domain: bsnl.co.in

ğŸ” Page Features & Analysis:

   URL Structure:
      Length: 19 chars, Entropy: 3.58
      Subdomains: 1, Hyphens: 0, Special Chars: 0

   ğŸ“„ Page Content:
      External Links: 29

   ğŸš© Phishing Keywords Detected: secure

   âš ï¸ JavaScript Behavior:

ğŸ“Š Metadata:
   First Seen: 2025-10-14T14:43:50.338837+00:00
   Processing Stage: rules:benign"
,bseindia.com," Domain: bseindia.com
Registrable Domain: bseindia.com

ğŸ“¡ DNS Records:
   A (IPv4): 184.86.112.83, 184.86.112.56
   AAAA (IPv6): 2600:140f:5::17c3:6918, 2600:140f:5::17c3:6919
   MX (Mail): bseindia-com.mail.protection.outlook.com
   NS (Nameservers): a1-223.akam.net, a14-66.akam.net, a20-67.akam.net, a3-66.akam.net, a4-65.akam.net, a7-64.akam.net

ğŸ“‹ WHOIS Information:
   Registrar: GoDaddy.com, LLC
   Domain Age: 10512 days
   Days Until Expiry: 78

ğŸŒ Network & Location:
   ASN: 20940
   Country: IN, New D"
,finmin.nic.in," Domain: finmin.nic.in
Registrable Domain: finmin.nic.in

ğŸ“Š Metadata:
   First Seen: 1760452943710"
,aai.aero," Domain: aai.aero
Registrable Domain: aai.aero

ğŸ“¡ DNS Records:
   A (IPv4): 104.21.72.58, 172.67.175.240
   AAAA (IPv6): 2606:4700:3034::ac43:aff0, 2606:4700:3034::6815:483a
   MX (Mail): mail1.aai.aero, mail.aai.aero
   NS (Nameservers): dale.ns.cloudflare.com, elma.ns.cloudflare.com

ğŸ“‹ WHOIS Information:
   Registrar: Tucows Domains Inc.
   Domain Age: 8573 days
   Days Until Expiry: 192

ğŸŒ Network & Location:
   ASN: 13335

ğŸ“Š Metadata:
   First Seen: 1760452937.7999337
   Processing Stage: resolved"
https://fssai.gov.in/,fssai.gov.in,"https://fssai.gov.in/ ğŸš¨ VERDICT: BENIGN (Risk Score: 0/100, Confidence: 0.50)

Domain: fssai.gov.in
URL: https://fssai.gov.in/
Registrable Domain: fssai.gov.in

ğŸ” Page Features & Analysis:

   URL Structure:
      Length: 21 chars, Entropy: 3.65
      Subdomains: 1, Hyphens: 0, Special Chars: 0

   ğŸ“ Forms Detected:
      Total Forms: 1
      Password Fields: 0
      Email Fields: 0

   ğŸ“„ Page Content:
      External Links: 596

   ğŸš© Phishing Keywords Detected: account, secure, verify, urgent

   âš ï¸ JavaScr"
,goa.gov.in," Domain: goa.gov.in
Registrable Domain: goa.gov.in

ğŸ“¡ DNS Records:
   A (IPv4): 164.100.183.9
   MX (Mail): mx3.mgovcloud.in, mx2.mgovcloud.in, mx.mgovcloud.in
   NS (Nameservers): ns2.nic.in, ns7.nic.in, ns10.nic.in, ns1.nic.in

ğŸ“‹ WHOIS Information:
   Registrar: National Informatics Centre
   Domain Age: 7762 days
   Days Until Expiry: 272

ğŸŒ Network & Location:
   ASN: 4758
   Country: IN

ğŸ“Š Metadata:
   First Seen: 1760452940.9072578
   Processing Stage: resolved"
,dgft.gov.in," Domain: dgft.gov.in
Registrable Domain: dgft.gov.in

ğŸ“¡ DNS Records:
   A (IPv4): 15.206.136.226, 15.206.119.170
   NS (Nameservers): ns1.dgft.gov.in, ns2.dgft.gov.in

ğŸ“‹ WHOIS Information:
   Registrar: National Informatics Centre
   Domain Age: 7526 days
   Days Until Expiry: 143

ğŸŒ Network & Location:
   ASN: 16509
   Country: IN, Mumbai

ğŸ“Š Metadata:
   First Seen: 1760452941.0666153
   Processing Stage: resolved"
https://haryana.gov.in/,haryana.gov.in,"https://haryana.gov.in/ ğŸš¨ VERDICT: BENIGN (Risk Score: 0/100, Confidence: 0.50)

Domain: haryana.gov.in
URL: https://haryana.gov.in/
Registrable Domain: haryana.gov.in

ğŸ” Page Features & Analysis:

   URL Structure:
      Length: 23 chars, Entropy: 3.76
      Subdomains: 1, Hyphens: 0, Special Chars: 0

ğŸ“Š Metadata:
   First Seen: 2025-10-14T14:50:18.658788+00:00
   Processing Stage: rules:benign"
,bhel.com," Domain: bhel.com
Registrable Domain: bhel.com

ğŸ“¡ DNS Records:
   A (IPv4): 111.118.189.167
   NS (Nameservers): mailgw3.bhel.in, corpdrns1.bhel.in, corpns1.bhel.in

ğŸ“‹ WHOIS Information:
   Registrar: PDR Ltd. d/b/a PublicDomainRegistry.com
   Domain Age: 10319 days
   Days Until Expiry: 271

ğŸŒ Network & Location:
   ASN: 55470
   Country: IN

ğŸ“Š Metadata:
   First Seen: 1760452941.4674704
   Processing Stage: resolved"
,esic.nic.in," Domain: esic.nic.in
Registrable Domain: esic.nic.in

ğŸ“¡ DNS Records:
   A (IPv4): 164.100.77.202
   MX (Mail): mx2.mgovcloud.in, mx3.mgovcloud.in, mx.mgovcloud.in

ğŸ“‹ WHOIS Information:
   Registrar: National Informatics Centre
   Domain Age: 7599 days
   Days Until Expiry: 70

ğŸŒ Network & Location:
   ASN: 4758
   Country: IN

ğŸ“Š Metadata:
   First Seen: 1760452942.4476056
   Processing Stage: resolved"
https://gujarat.gov.in/,gujarat.gov.in,"https://gujarat.gov.in/ ğŸš¨ VERDICT: BENIGN (Risk Score: 0/100, Confidence: 0.50)

Domain: gujarat.gov.in
URL: https://gujarat.gov.in/
Registrable Domain: gujarat.gov.in

ğŸ” Page Features & Analysis:

   URL Structure:
      Length: 23 chars, Entropy: 3.85
      Subdomains: 1, Hyphens: 0, Special Chars: 0

ğŸ“Š Metadata:
   First Seen: 2025-10-14T14:50:34.986131+00:00
   Processing Stage: rules:benign"
,icmr.gov.in," Domain: icmr.gov.in
Registrable Domain: icmr.gov.in

ğŸ“¡ DNS Records:
   A (IPv4): 103.195.217.63
   AAAA (IPv6): 2001:4408:1184:41:28:195:217:63
   MX (Mail): mx3.mgovcloud.in, mx2.mgovcloud.in, mx.mgovcloud.in
   NS (Nameservers): ns2.nic.in, ns1.nic.in, ns10.nic.in, ns7.nic.in

ğŸ“‹ WHOIS Information:
   Registrar: National Informatics Centre
   Domain Age: 4857 days
   Days Until Expiry: 255

ğŸŒ Network & Location:
   ASN: 4758
   Country: IN

ğŸ“Š Metadata:
   First Seen: 1760452944.5732617
   Processing Stage"
,dc.crsorgi.gov.in," Domain: dc.crsorgi.gov.in
Registrable Domain: dc.crsorgi.gov.in

ğŸ“¡ DNS Records:
   A (IPv4): 103.151.152.102

ğŸ“‹ WHOIS Information:
   Registrar: National Informatics Centre
   Domain Age: 4253 days
   Days Until Expiry: 129

ğŸŒ Network & Location:
   ASN: 140170
   Country: IN

ğŸ“Š Metadata:
   First Seen: 1760500625.281141
   Processing Stage: resolved"
,iitd.ac.in," Domain: iitd.ac.in
Registrable Domain: iitd.ac.in

ğŸ“¡ DNS Records:
   A (IPv4): 103.27.9.24
   AAAA (IPv6): 2001:df4:e000:29::212
   MX (Mail): smtp3.iitd.ac.in, smtp1.iitd.ac.in, smtp2.iitd.ac.in
   NS (Nameservers): dns8.iitd.ac.in, dns10.iitd.ac.in

ğŸ“‹ WHOIS Information:
   Registrar: ERNET India
   Domain Age: 8264 days
   Days Until Expiry: 866

ğŸŒ Network & Location:
   ASN: 132780
   Country: IN, New Delhi

ğŸ“Š Metadata:
   First Seen: 1760452945.8013518
   Processing Stage: resolved"
,idbi.com," Domain: idbi.com
Registrable Domain: idbi.com

ğŸ“¡ DNS Records:
   A (IPv4): 103.8.125.18, 43.242.127.190
   AAAA (IPv6): 2400:3b00:1:d::370, 2400:3b00:20:4::1:167
   MX (Mail): mail.idbi.com
   NS (Nameservers): ns-cloud-c2.googledomains.com, ns-cloud-c3.googledomains.com, ns-cloud-c4.googledomains.com, ns-cloud-c1.googledomains.com

ğŸ“‹ WHOIS Information:
   Registrar: Network Solutions, LLC
   Domain Age: 10023 days
   Days Until Expiry: 933

ğŸŒ Network & Location:
   ASN: 18229
   Country: IN

ğŸ“Š Metadata:
 "
,imps.npci.org.in," Domain: imps.npci.org.in
Registrable Domain: imps.npci.org.in

ğŸ“¡ DNS Records:

ğŸ“‹ WHOIS Information:
   Registrar: OVI HOSTING PVT LTD
   Domain Age: 6095 days
   Days Until Expiry: 1209

ğŸ“Š Metadata:
   First Seen: 1760452947.2658138
   Processing Stage: resolved"
,digilocker.gov.in," Domain: digilocker.gov.in
Registrable Domain: digilocker.gov.in

ğŸ“¡ DNS Records:
   A (IPv4): 65.1.255.75, 3.111.202.19, 3.111.193.25
   NS (Nameservers): ns2.nic.in, ns7.nic.in, ns10.nic.in, ns1.nic.in

ğŸ“‹ WHOIS Information:
   Registrar: National Informatics Centre
   Domain Age: 3893 days
   Days Until Expiry: 124

ğŸŒ Network & Location:
   ASN: 16509
   Country: IN, Mumbai

ğŸ“Š Metadata:
   First Seen: 1760452947.4410572
   Processing Stage: resolved"
,indianrailways.gov.in," Domain: indianrailways.gov.in
Registrable Domain: indianrailways.gov.in

ğŸ“¡ DNS Records:
   A (IPv4): 203.176.112.122
   MX (Mail): mail.indianrailways.gov.in
   NS (Nameservers): ns3.indianrail.gov.in, ns1.indianrail.gov.in, ns2.indianrail.gov.in

ğŸ“‹ WHOIS Information:
   Registrar: National Informatics Centre
   Domain Age: 8264 days
   Days Until Expiry: 136

ğŸŒ Network & Location:
   ASN: 45596
   Country: IN

ğŸ“Š Metadata:
   First Seen: 1760452948.8868194
   Processing Stage: resolved"
,iitb.ac.in," Domain: iitb.ac.in
Registrable Domain: iitb.ac.in

ğŸ“¡ DNS Records:
   A (IPv4): 103.21.124.133
   MX (Mail): fmlr2.iitb.ac.in, fmlr3.iitb.ac.in, fmlr1.iitb.ac.in, fmlr4.iitb.ac.in
   NS (Nameservers): dns1.iitb.ac.in, dns2.iitb.ac.in, dns3.iitb.ac.in

ğŸ“‹ WHOIS Information:
   Registrar: ERNET India
   Domain Age: 7899 days
   Days Until Expiry: 3058

ğŸŒ Network & Location:
   ASN: 132423
   Country: IN, Mumbai

ğŸ“Š Metadata:
   First Seen: 1760452948.897589
   Processing Stage: resolved"
https://cert-in.org.in/,cert-in.org.in,"https://cert-in.org.in/ ğŸš¨ VERDICT: BENIGN (Risk Score: 0/100, Confidence: 0.50)

Domain: cert-in.org.in
URL: https://cert-in.org.in/
Registrable Domain: cert-in.org.in

ğŸ” Page Features & Analysis:

   URL Structure:
      Length: 23 chars, Entropy: 3.76
      Subdomains: 1, Hyphens: 1, Special Chars: 0

ğŸ“Š Metadata:
   First Seen: 2025-10-14T14:45:44.863669+00:00
   Processing Stage: rules:benign"
,gst.gov.in," Domain: gst.gov.in
Registrable Domain: gst.gov.in

ğŸ“¡ DNS Records:
   A (IPv4): 103.83.76.18
   MX (Mail): mailgw.nic.in
   NS (Nameservers): ns2.gst.gov.in, ns1.gst.gov.in

ğŸ“‹ WHOIS Information:
   Registrar: National Informatics Centre
   Domain Age: 3291 days
   Days Until Expiry: 360

ğŸŒ Network & Location:
   ASN: 133231
   Country: IN

ğŸ“Š Metadata:
   First Seen: 1760452950.508887
   Processing Stage: resolved"
,meity.gov.in," Domain: meity.gov.in
Registrable Domain: meity.gov.in

ğŸ“¡ DNS Records:
   A (IPv4): 164.100.11.192
   AAAA (IPv6): 2001:4408:1081:1001::62
   MX (Mail): mx2.mgovcloud.in, mx.mgovcloud.in, mx3.mgovcloud.in
   NS (Nameservers): ns1.nic.in, ns10.nic.in, ns7.nic.in, ns2.nic.in

ğŸ“‹ WHOIS Information:
   Registrar: National Informatics Centre
   Domain Age: 3357 days
   Days Until Expiry: 294

ğŸŒ Network & Location:
   ASN: 4758
   Country: IN, Delhi

ğŸ“Š Metadata:
   First Seen: 1760452950.5697725
   Processing Stag"
,hal-india.co.in," Domain: hal-india.co.in
Registrable Domain: hal-india.co.in

ğŸ“¡ DNS Records:
   A (IPv4): 115.112.149.173, 115.112.148.193, 220.227.38.163
   MX (Mail): mx2.mgovcloud.in, mx3.mgovcloud.in, mx.mgovcloud.in
   NS (Nameservers): llb2.hal-india.co.in, 53036.earth.orderbox-dns.com, llb3.hal-india.co.in, llb1.hal-india.co.in, 53036.venus.orderbox-dns.com, 53036.mars.orderbox-dns.com, 53036.mercury.orderbox-dns.com

ğŸ“‹ WHOIS Information:
   Registrar: DOTCOM SERVICES (INDIA) PVT. LTD - DBA Worldindia.com
   Domain "
https://irdai.gov.in/,irdai.gov.in,"https://irdai.gov.in/ ğŸš¨ VERDICT: BENIGN (Risk Score: 0/100, Confidence: 0.50)

Domain: irdai.gov.in
URL: https://irdai.gov.in/
Registrable Domain: irdai.gov.in

ğŸ” Page Features & Analysis:

   URL Structure:
      Length: 21 chars, Entropy: 3.75
      Subdomains: 1, Hyphens: 0, Special Chars: 0

   ğŸ“ Forms Detected:
      Total Forms: 2
      Password Fields: 0
      Email Fields: 0

   ğŸ“„ Page Content:
      External Links: 64

   ğŸš© Phishing Keywords Detected: account, login

   âš ï¸ JavaScript Behavior:
    "
,ircon.org," Domain: ircon.org
Registrable Domain: ircon.org

ğŸ“¡ DNS Records:
   A (IPv4): 103.241.144.78
   MX (Mail): aspmx.l.google.com, alt1.aspmx.l.google.com, alt2.aspmx.l.google.com, alt3.aspmx.l.google.com, alt4.aspmx.l.google.com
   NS (Nameservers): ns52.domaincontrol.com, ns51.domaincontrol.com

ğŸ“‹ WHOIS Information:
   Registrar: GoDaddy.com, LLC
   Domain Age: 7277 days
   Days Until Expiry: 757

ğŸŒ Network & Location:
   ASN: 18229
   Country: IN

ğŸ“Š Metadata:
   First Seen: 1760452954.1949959
   Processing S"
,ladakh.nic.in," Domain: ladakh.nic.in
Registrable Domain: ladakh.nic.in

ğŸ“Š Metadata:
   First Seen: 1760452961799"
,kavach.mail.gov.in," Domain: kavach.mail.gov.in
Registrable Domain: kavach.mail.gov.in

ğŸ“¡ DNS Records:
   A (IPv4): 164.100.15.168

ğŸ“‹ WHOIS Information:
   Registrar: National Informatics Centre
   Domain Age: 6602 days
   Days Until Expiry: 337

ğŸŒ Network & Location:
   ASN: 4758
   Country: IN, Delhi

ğŸ“Š Metadata:
   First Seen: 1760500623.4787147
   Processing Stage: resolved"
,karnataka.gov.in," ğŸš¨ VERDICT: BENIGN (Risk Score: 0/100, Confidence: 0.50)

Domain: karnataka.gov.in
Registrable Domain: karnataka.gov.in

ğŸ“¡ DNS Records:
   A (IPv4): 103.138.196.75
   MX (Mail): mx1.karnataka.gov.in, mx2.karnataka.gov.in
   NS (Nameservers): ns7.nic.in, ns1.nic.in, ns2.nic.in, ns10.nic.in

ğŸ“‹ WHOIS Information:
   Registrar: National Informatics Centre
   Domain Age: 8080 days
   Days Until Expiry: 320

ğŸŒ Network & Location:
   ASN: 138727
   Country: IN

ğŸ“Š Metadata:
   First Seen: 2025-10-14T14:43:19.990817"
,kerala.gov.in," ğŸš¨ VERDICT: BENIGN (Risk Score: 0/100, Confidence: 0.50)

Domain: kerala.gov.in
Registrable Domain: kerala.gov.in

ğŸ“¡ DNS Records:
   A (IPv4): 103.135.130.250
   MX (Mail): mailgwgov.nic.in
   NS (Nameservers): ns1.cdit.org, ns2.cdit.org, ns3.cdit.org

ğŸ“‹ WHOIS Information:
   Registrar: National Informatics Centre
   Domain Age: 7958 days
   Days Until Expiry: 77

ğŸŒ Network & Location:
   ASN: 133037
   Country: IN

ğŸ“Š Metadata:
   First Seen: 2025-10-14T14:43:19.965278+00:00
   Processing Stage: rules:benig"
https://manipur.gov.in/,manipur.gov.in,"https://manipur.gov.in/ ğŸš¨ VERDICT: BENIGN (Risk Score: 0/100, Confidence: 0.50)

Domain: manipur.gov.in
URL: https://manipur.gov.in/
Registrable Domain: manipur.gov.in

ğŸ” Page Features & Analysis:

   URL Structure:
      Length: 23 chars, Entropy: 3.88
      Subdomains: 1, Hyphens: 0, Special Chars: 0

   ğŸ“ Forms Detected:
      Total Forms: 1
      Password Fields: 0
      Email Fields: 0

   ğŸ“„ Page Content:
      External Links: 29

   âš ï¸ JavaScript Behavior:
      ğŸš¨ Obfuscated Code Detected

ğŸ“Š Metadata:"
,jk.gov.in," Domain: jk.gov.in
Registrable Domain: jk.gov.in

ğŸ“¡ DNS Records:
   A (IPv4): 164.100.223.4
   MX (Mail): mailgw.nic.in
   NS (Nameservers): ns2.jk.gov.in, ns1.jk.gov.in, ns3.jk.gov.in

ğŸ“‹ WHOIS Information:
   Registrar: National Informatics Centre
   Domain Age: 7416 days
   Days Until Expiry: 253

ğŸŒ Network & Location:
   ASN: 55824
   Country: IN

ğŸ“Š Metadata:
   First Seen: 1760452962.0145414
   Processing Stage: resolved"
,irctc.co.in," ğŸš¨ VERDICT: BENIGN (Risk Score: 0/100, Confidence: 0.50)

Domain: irctc.co.in
Registrable Domain: irctc.co.in

ğŸ“¡ DNS Records:
   A (IPv4): 103.252.142.27
   MX (Mail): mail.irctc.co.in, mail1.irctc.co.in, mail.nget.irctc.co.in
   NS (Nameservers): a11-66.akam.net, a12-64.akam.net, a13-67.akam.net, a26-67.akam.net, a8-67.akam.net, a1-107.akam.net

ğŸ“‹ WHOIS Information:
   Registrar: GoDaddy
   Domain Age: 8533 days
   Days Until Expiry: 597

ğŸŒ Network & Location:
   ASN: 45596
   Country: IN

ğŸ“Š Metadata:
   F"
,education.gov.in," Domain: education.gov.in
Registrable Domain: education.gov.in

ğŸ“¡ DNS Records:
   A (IPv4): 164.100.163.45
   NS (Nameservers): ns7.nic.in, ns1.nic.in, ns2.nic.in, ns10.nic.in

ğŸ“‹ WHOIS Information:
   Registrar: National Informatics Centre
   Domain Age: 1862 days
   Days Until Expiry: 328

ğŸŒ Network & Location:
   ASN: 4758
   Country: IN

ğŸ“Š Metadata:
   First Seen: 1760452963.5448556
   Processing Stage: resolved"
,indianbank.in," Domain: indianbank.in
Registrable Domain: indianbank.in

ğŸ“¡ DNS Records:
   A (IPv4): 103.183.72.10
   NS (Nameservers): ns1.sify.net, ns2.sify.net

ğŸ“‹ WHOIS Information:
   Registrar: Sify Digital Services Limited
   Domain Age: 7545 days
   Days Until Expiry: 124

ğŸŒ Network & Location:
   ASN: 149528
   Country: IN

ğŸ“Š Metadata:
   First Seen: 1760452963.5461693
   Processing Stage: resolved"
https://meghalaya.gov.in/,meghalaya.gov.in,"https://meghalaya.gov.in/ ğŸš¨ VERDICT: BENIGN (Risk Score: 0/100, Confidence: 0.50)

Domain: meghalaya.gov.in
URL: https://meghalaya.gov.in/
Registrable Domain: meghalaya.gov.in

ğŸ” Page Features & Analysis:

   URL Structure:
      Length: 25 chars, Entropy: 3.94
      Subdomains: 1, Hyphens: 0, Special Chars: 0

   ğŸ“ Forms Detected:
      Total Forms: 1
      Password Fields: 0
      Email Fields: 0

   ğŸ“„ Page Content:
      External Links: 28

   âš ï¸ JavaScript Behavior:
      ğŸš¨ Obfuscated Code Detected

ğŸ“Š M"
https://maharashtra.gov.in/,maharashtra.gov.in,"https://maharashtra.gov.in/ ğŸš¨ VERDICT: BENIGN (Risk Score: 0/100, Confidence: 0.50)

Domain: maharashtra.gov.in
URL: https://maharashtra.gov.in/
Registrable Domain: maharashtra.gov.in

ğŸ” Page Features & Analysis:

   URL Structure:
      Length: 27 chars, Entropy: 3.71
      Subdomains: 1, Hyphens: 0, Special Chars: 0

   ğŸ“ Forms Detected:
      Total Forms: 1
      Password Fields: 0
      Email Fields: 0

   ğŸ“„ Page Content:
      External Links: 14

   ğŸš© Phishing Keywords Detected: account

   âš ï¸ JavaScri"
https://mtnl.net.in/,mtnl.net.in,"https://mtnl.net.in/ ğŸš¨ VERDICT: BENIGN (Risk Score: 0/100, Confidence: 0.50)

Domain: mtnl.net.in
URL: https://mtnl.net.in/
Registrable Domain: mtnl.net.in

ğŸ” Page Features & Analysis:

   URL Structure:
      Length: 20 chars, Entropy: 3.35
      Subdomains: 1, Hyphens: 0, Special Chars: 0

   ğŸ“ Forms Detected:
      Total Forms: 1
      Password Fields: 0
      Email Fields: 0

   ğŸ“„ Page Content:
      External Links: 126

   âš ï¸ JavaScript Behavior:

ğŸ“Š Metadata:
   First Seen: 2025-10-14T14:47:50.802702+0"
,mha.gov.in," Domain: mha.gov.in
Registrable Domain: mha.gov.in

ğŸ“¡ DNS Records:
   A (IPv4): 164.100.228.92
   MX (Mail): mx.mgovcloud.in, mx2.mgovcloud.in, mx3.mgovcloud.in
   NS (Nameservers): ns7.nic.in, ns10.nic.in, ns1.nic.in, ns2.nic.in

ğŸ“‹ WHOIS Information:
   Registrar: National Informatics Centre
   Domain Age: 7145 days
   Days Until Expiry: 159

ğŸŒ Network & Location:
   ASN: 4758
   Country: IN

ğŸ“Š Metadata:
   First Seen: 1760452965.889083
   Processing Stage: resolved"
https://centralbankofindia.co.in/,centralbankofindia.co.in,"https://centralbankofindia.co.in/ ğŸš¨ VERDICT: BENIGN (Risk Score: 10/100, Confidence: 0.50)
   Risk Indicators: Elevated URL entropy

Domain: centralbankofindia.co.in
URL: https://centralbankofindia.co.in/
Registrable Domain: centralbankofindia.co.in

ğŸ” Page Features & Analysis:

   URL Structure:
      Length: 33 chars, Entropy: 4.04
      Subdomains: 1, Hyphens: 0, Special Chars: 0

   ğŸ“„ Page Content:
      External Links: 1

   âš ï¸ JavaScript Behavior:
      ğŸš¨ KEYLOGGER PATTERNS DETECTED
      JS Risk Scor"
,licindia.in," Domain: licindia.in
Registrable Domain: licindia.in

ğŸ“¡ DNS Records:
   A (IPv4): 64.185.181.238
   NS (Nameservers): ns09.domaincontrol.com, ns10.domaincontrol.com

ğŸ“‹ WHOIS Information:
   Registrar: GoDaddy
   Domain Age: 7545 days
   Days Until Expiry: 124

ğŸŒ Network & Location:
   ASN: 40009
   Country: US

ğŸ“Š Metadata:
   First Seen: 1760452966.8634777
   Processing Stage: resolved"
,nabard.org," ğŸš¨ VERDICT: BENIGN (Risk Score: 0/100, Confidence: 0.50)

Domain: nabard.org
Registrable Domain: nabard.org

ğŸ“¡ DNS Records:
   A (IPv4): 103.167.77.207
   MX (Mail): nabard-org.mail.protection.outlook.com
   NS (Nameservers): ns1.netcore.co.in, ns2.netcore.co.in

ğŸ“‹ WHOIS Information:
   Registrar: Network Solutions, LLC
   Domain Age: 9743 days
   Days Until Expiry: 3040

ğŸŒ Network & Location:
   ASN: 141857
   Country: IN

ğŸ“Š Metadata:
   First Seen: 2025-10-14T14:43:13.407963+00:00
   Processing Stage: rul"
https://newindia.co.in/,newindia.co.in,"https://newindia.co.in/ ğŸš¨ VERDICT: BENIGN (Risk Score: 0/100, Confidence: 0.50)

Domain: newindia.co.in
URL: https://newindia.co.in/
Registrable Domain: newindia.co.in

ğŸ” Page Features & Analysis:

   URL Structure:
      Length: 23 chars, Entropy: 3.73
      Subdomains: 1, Hyphens: 0, Special Chars: 0

   ğŸ“„ Page Content:
      External Links: 126

   ğŸš© Phishing Keywords Detected: account, login

   âš ï¸ JavaScript Behavior:

ğŸ“Š Metadata:
   First Seen: 2025-10-14T14:49:11.289916+00:00
   Processing Stage: rul"
https://nationalinsurance.nic.co.in/,nic.co.in,"https://nationalinsurance.nic.co.in/ ğŸš¨ VERDICT: BENIGN (Risk Score: 0/100, Confidence: 0.50)

Domain: nationalinsurance.nic.co.in
URL: https://nationalinsurance.nic.co.in/
Registrable Domain: nic.co.in

ğŸ” Page Features & Analysis:

   URL Structure:
      Length: 36 chars, Entropy: 3.75
      Subdomains: 2, Hyphens: 0, Special Chars: 0

   ğŸ“ Forms Detected:
      Total Forms: 1
      Password Fields: 0
      Email Fields: 0

   ğŸ“„ Page Content:
      External Links: 108

   âš ï¸ JavaScript Behavior:
      ğŸš¨ Ob"
,nhai.gov.in," Domain: nhai.gov.in
Registrable Domain: nhai.gov.in

ğŸ“¡ DNS Records:
   A (IPv4): 164.100.166.116
   MX (Mail): mailgw.nic.in
   NS (Nameservers): ns1.nic.in, ns7.nic.in, ns10.nic.in, ns2.nic.in

ğŸ“‹ WHOIS Information:
   Registrar: National Informatics Centre
   Domain Age: 3214 days
   Days Until Expiry: 72

ğŸŒ Network & Location:
   ASN: 4758
   Country: IN

ğŸ“Š Metadata:
   First Seen: 1760452971.2812533
   Processing Stage: resolved"
,nic.in," Domain: nic.in
Registrable Domain: nic.in

ğŸ“¡ DNS Records:
   MX (Mail): mx.mgovcloud.in, mx2.mgovcloud.in, mx3.mgovcloud.in
   NS (Nameservers): ns6.nic.in, ns8.nic.in, nicnet.nic.in, ns4.nic.in

ğŸ“‹ WHOIS Information:
   Registrar: National Informatics Centre
   Domain Age: 7599 days
   Days Until Expiry: 70

ğŸ“Š Metadata:
   First Seen: 1760452971.5044062
   Processing Stage: resolved"
https://mizoram.gov.in/,mizoram.gov.in,"https://mizoram.gov.in/ ğŸš¨ VERDICT: BENIGN (Risk Score: 0/100, Confidence: 0.50)

Domain: mizoram.gov.in
URL: https://mizoram.gov.in/
Registrable Domain: mizoram.gov.in

ğŸ” Page Features & Analysis:

   URL Structure:
      Length: 23 chars, Entropy: 3.88
      Subdomains: 1, Hyphens: 0, Special Chars: 0

   ğŸ“„ Page Content:
      External Links: 1

   ğŸš© Phishing Keywords Detected: login

   âš ï¸ JavaScript Behavior:

ğŸ“Š Metadata:
   First Seen: 2025-10-14T14:50:27.749033+00:00
   Processing Stage: rules:benign"
,neft.rbi.org.in," Domain: neft.rbi.org.in
Registrable Domain: neft.rbi.org.in

ğŸ“¡ DNS Records:

ğŸ“‹ WHOIS Information:
   Registrar: Sify Digital Services Limited
   Domain Age: 8264 days
   Days Until Expiry: 136

ğŸ“Š Metadata:
   First Seen: 1760452972.4468443
   Processing Stage: resolved"
,nciipc.gov.in," Domain: nciipc.gov.in
Registrable Domain: nciipc.gov.in

ğŸ“¡ DNS Records:
   A (IPv4): 164.100.59.137
   MX (Mail): mailgw.nic.in
   NS (Nameservers): ns1.nkn.in, ns3.nkn.in, ns6.nkn.in, ns2.nkn.in

ğŸ“‹ WHOIS Information:
   Registrar: National Informatics Centre
   Domain Age: 5632 days
   Days Until Expiry: 211

ğŸŒ Network & Location:
   ASN: 4758
   Country: IN, Delhi

ğŸ“Š Metadata:
   First Seen: 1760452973.7280772
   Processing Stage: resolved"
https://nalcoindia.com/,nalcoindia.com,"https://nalcoindia.com/ ğŸš¨ VERDICT: BENIGN (Risk Score: 0/100, Confidence: 0.50)

Domain: nalcoindia.com
URL: https://nalcoindia.com/
Registrable Domain: nalcoindia.com

ğŸ” Page Features & Analysis:

   URL Structure:
      Length: 23 chars, Entropy: 3.80
      Subdomains: 0, Hyphens: 0, Special Chars: 0

   ğŸ“ Forms Detected:
      Total Forms: 2
      Password Fields: 0
      Email Fields: 0

   ğŸ“„ Page Content:
      External Links: 189

   ğŸš© Phishing Keywords Detected: account, login

   âš ï¸ JavaScript Behav"
https://nitc.ac.in/,nitc.ac.in,"https://nitc.ac.in/ ğŸš¨ VERDICT: BENIGN (Risk Score: 0/100, Confidence: 0.50)

Domain: nitc.ac.in
URL: https://nitc.ac.in/
Registrable Domain: nitc.ac.in

ğŸ” Page Features & Analysis:

   URL Structure:
      Length: 19 chars, Entropy: 3.33
      Subdomains: 1, Hyphens: 0, Special Chars: 0

   ğŸ“ Forms Detected:
      Total Forms: 4
      Password Fields: 0
      Email Fields: 0

   ğŸ“„ Page Content:
      External Links: 55

   ğŸš© Phishing Keywords Detected: login, secure

   âš ï¸ JavaScript Behavior:

ğŸ“Š Metadata:
"
,nsdl.co.in," Domain: nsdl.co.in
Registrable Domain: nsdl.co.in

ğŸ“¡ DNS Records:
   A (IPv4): 121.240.225.117
   MX (Mail): pluto.netcore.co.in, venus.netcore.co.in, cluster8.netcore.co.in, nsdl-co-in.mail.protection.outlook.com, cluster6.netcore.co.in
   NS (Nameservers): ns1.netcore.co.in, ns2.netcore.co.in

ğŸ“‹ WHOIS Information:
   Registrar: Endurance Digital Domain Technology Private Limited
   Domain Age: 8264 days
   Days Until Expiry: 1597

ğŸŒ Network & Location:
   ASN: 4755
   Country: IN

ğŸ“Š Metadata:
   First Se"
,ntpc.co.in," Domain: ntpc.co.in
Registrable Domain: ntpc.co.in

ğŸ“¡ DNS Records:
   A (IPv4): 141.226.103.3
   MX (Mail): ntpc-co-in.mail.protection.outlook.com
   NS (Nameservers): ns-691.awsdns-22.net, ns-1030.awsdns-00.org, ns-1808.awsdns-34.co.uk, ns-132.awsdns-16.com

ğŸ“‹ WHOIS Information:
   Registrar: Netlynx Technologies Pvt. Ltd.
   Domain Age: 8264 days
   Days Until Expiry: 136

ğŸŒ Network & Location:
   ASN: 48851
   Country: IN, Chennai

ğŸ“Š Metadata:
   First Seen: 1760452976.7980607
   Processing Stage: resolv"
https://nta.ac.in/,nta.ac.in,"https://nta.ac.in/ ğŸš¨ VERDICT: BENIGN (Risk Score: 0/100, Confidence: 0.50)

Domain: nta.ac.in
URL: https://nta.ac.in/
Registrable Domain: nta.ac.in

ğŸ” Page Features & Analysis:

   URL Structure:
      Length: 18 chars, Entropy: 3.31
      Subdomains: 1, Hyphens: 0, Special Chars: 0

   ğŸ“ Forms Detected:
      Total Forms: 1
      Password Fields: 0
      Email Fields: 0

   ğŸ“„ Page Content:
      External Links: 34

   ğŸš© Phishing Keywords Detected: account, login, urgent

   âš ï¸ JavaScript Behavior:

ğŸ“Š Metad"
https://orientalinsurance.org.in/,orientalinsurance.org.in,"https://orientalinsurance.org.in/ ğŸš¨ VERDICT: BENIGN (Risk Score: 0/100, Confidence: 0.50)

Domain: orientalinsurance.org.in
URL: https://orientalinsurance.org.in/
Registrable Domain: orientalinsurance.org.in

ğŸ” Page Features & Analysis:

   URL Structure:
      Length: 33 chars, Entropy: 3.92
      Subdomains: 1, Hyphens: 0, Special Chars: 0

   âš ï¸ JavaScript Behavior:
      ğŸš¨ KEYLOGGER PATTERNS DETECTED
      JS Risk Score: 25/100

ğŸ“Š Metadata:
   First Seen: 2025-10-14T14:49:20.992693+00:00
   Processing S"
https://aiims.edu/index.php/en,aiims.edu,"https://aiims.edu/index.php/en Domain: aiims.edu
URL: https://aiims.edu/index.php/en
Registrable Domain: aiims.edu

ğŸ” Page Features & Analysis:

   URL Structure:
      Length: 30 chars, Entropy: 3.76
      Subdomains: 0, Hyphens: 0, Special Chars: 0

   ğŸ“ Forms Detected:
      Total Forms: 1
      Password Fields: 0
      Email Fields: 0

   ğŸ“„ Page Content:
      HTML Size: 238,878 bytes
      Internal Links: 168
      External Links: 88
      Images: 50
      âš ï¸ IFrames: 2
      External Scripts: 21

   âš "
,nlcindia.com," ğŸš¨ VERDICT: BENIGN (Risk Score: 0/100, Confidence: 0.50)

Domain: nlcindia.com
Registrable Domain: nlcindia.com

ğŸ“¡ DNS Records:
   MX (Mail): us2.mx1.mailhostbox.com, us2.mx3.mailhostbox.com, us2.mx2.mailhostbox.com
   NS (Nameservers): mdns1.555servers.com, mdns2.555servers.com, mdns3.555servers.com, mdns4.555servers.com

ğŸ“‹ WHOIS Information:
   Registrar: gooddomainregistry.com
   Domain Age: 9454 days
   Days Until Expiry: 42

ğŸ“Š Metadata:
   First Seen: 2025-10-14T14:43:02.283516+00:00
   Processing Stag"
,pfrda.gov.in," Domain: pfrda.gov.in
Registrable Domain: pfrda.gov.in

ğŸ“Š Metadata:
   First Seen: 1760452981671"
,nic.gov.in," Domain: nic.gov.in
Registrable Domain: nic.gov.in

ğŸ“¡ DNS Records:
   A (IPv4): 164.100.52.167
   MX (Mail): mx.mgovcloud.in, mx2.mgovcloud.in, mx3.mgovcloud.in
   NS (Nameservers): ns10.nic.in, ns7.nic.in, ns1.nic.in, ns2.nic.in

ğŸ“‹ WHOIS Information:
   Registrar: National Informatics Centre
   Domain Age: 292 days
   Days Until Expiry: 437

ğŸŒ Network & Location:
   ASN: 4758
   Country: IN, Delhi

ğŸ“Š Metadata:
   First Seen: 1760500622.4425986
   Processing Stage: resolved"
,.gov.in," Domain: gov.in
Registrable Domain: .gov.in

ğŸ“Š Metadata:
   First Seen: 1760452939428"
https://www.cbse.gov.in/,cbse.gov.in,"https://www.cbse.gov.in/ ğŸš¨ VERDICT: BENIGN (Risk Score: 0/100, Confidence: 0.50)

Domain: www.cbse.gov.in
URL: https://www.cbse.gov.in/
Registrable Domain: cbse.gov.in

ğŸ” Page Features & Analysis:

   URL Structure:
      Length: 24 chars, Entropy: 3.82
      Subdomains: 2, Hyphens: 0, Special Chars: 0

ğŸ“Š Metadata:
   First Seen: 2025-10-14T14:43:22.530967+00:00
   Processing Stage: rules:benign"
,zoo.gov.in," ğŸš¨ VERDICT: BENIGN (Risk Score: 0/100, Confidence: 0.50)

Domain: zoo.gov.in
Registrable Domain: zoo.gov.in

ğŸ“¡ DNS Records:

ğŸ“‹ WHOIS Information:

ğŸ“Š Metadata:
   First Seen: 2025-10-14T14:43:20.814279+00:00
   Processing Stage: rules:benign"
,urban.gov.in," ğŸš¨ VERDICT: BENIGN (Risk Score: 0/100, Confidence: 0.50)

Domain: urban.gov.in
Registrable Domain: urban.gov.in

ğŸ“¡ DNS Records:

ğŸ“‹ WHOIS Information:

ğŸ“Š Metadata:
   First Seen: 2025-10-14T14:43:21.128089+00:00
   Processing Stage: rules:benign"
,water.gov.in," ğŸš¨ VERDICT: BENIGN (Risk Score: 0/100, Confidence: 0.50)

Domain: water.gov.in
Registrable Domain: water.gov.in

ğŸ“¡ DNS Records:

ğŸ“‹ WHOIS Information:

ğŸ“Š Metadata:
   First Seen: 2025-10-14T14:43:21.499485+00:00
   Processing Stage: rules:benign"
https://punjab.gov.in/,punjab.gov.in,"https://punjab.gov.in/ ğŸš¨ VERDICT: BENIGN (Risk Score: 0/100, Confidence: 0.50)

Domain: punjab.gov.in
URL: https://punjab.gov.in/
Registrable Domain: punjab.gov.in

ğŸ” Page Features & Analysis:

   URL Structure:
      Length: 22 chars, Entropy: 3.88
      Subdomains: 1, Hyphens: 0, Special Chars: 0

   ğŸ“ Forms Detected:
      Total Forms: 5
      Password Fields: 0
      Email Fields: 0

   ğŸ“„ Page Content:
      External Links: 55

   âš ï¸ JavaScript Behavior:
      ğŸš¨ Obfuscated Code Detected
      JS Risk Sc"
https://recindia.nic.in/,recindia.nic.in,"https://recindia.nic.in/ ğŸš¨ VERDICT: BENIGN (Risk Score: 0/100, Confidence: 0.50)

Domain: recindia.nic.in
URL: https://recindia.nic.in/
Registrable Domain: recindia.nic.in

ğŸ” Page Features & Analysis:

   URL Structure:
      Length: 24 chars, Entropy: 3.61
      Subdomains: 1, Hyphens: 0, Special Chars: 0

   ğŸ“ Forms Detected:
      Total Forms: 2
      Password Fields: 0
      Email Fields: 0

   ğŸ“„ Page Content:
      External Links: 87

   âš ï¸ JavaScript Behavior:

ğŸ“Š Metadata:
   First Seen: 2025-10-14T14"
https://sail.co.in/,sail.co.in,"https://sail.co.in/ Domain: sail.co.in
URL: https://sail.co.in/
Registrable Domain: sail.co.in

ğŸ” Page Features & Analysis:

   URL Structure:
      Length: 19 chars, Entropy: 3.58
      Subdomains: 1, Hyphens: 0, Special Chars: 0

   ğŸ“ Forms Detected:
      Total Forms: 1
      Password Fields: 0
      Email Fields: 0
      Submit Buttons: à¤–à¥‹à¤œ

   ğŸ“„ Page Content:
      HTML Size: 194,516 bytes
      Internal Links: 182
      External Links: 52
      Images: 63
      âš ï¸ IFrames: 4
      External Scripts: 10"
,powergrid.in," ğŸš¨ VERDICT: BENIGN (Risk Score: 0/100, Confidence: 0.50)

Domain: powergrid.in
Registrable Domain: powergrid.in

ğŸ“¡ DNS Records:
   A (IPv4): 4.240.62.100
   MX (Mail): powergrid-in.mail.protection.outlook.com
   NS (Nameservers): ns46.domaincontrol.com, ns45.domaincontrol.com

ğŸ“‹ WHOIS Information:
   Registrar: GoDaddy
   Domain Age: 7545 days
   Days Until Expiry: 854

ğŸŒ Network & Location:
   ASN: 8075
   Country: IN, Pune

ğŸ“Š Metadata:
   First Seen: 2025-10-14T14:43:06.128917+00:00
   Processing Stage: r"
https://rajasthan.gov.in/,rajasthan.gov.in,"https://rajasthan.gov.in/ ğŸš¨ VERDICT: BENIGN (Risk Score: 0/100, Confidence: 0.50)

Domain: rajasthan.gov.in
URL: https://rajasthan.gov.in/
Registrable Domain: rajasthan.gov.in

ğŸ” Page Features & Analysis:

   URL Structure:
      Length: 25 chars, Entropy: 3.75
      Subdomains: 1, Hyphens: 0, Special Chars: 0

   ğŸ“ Forms Detected:
      Total Forms: 1
      Password Fields: 0
      Email Fields: 0

   ğŸ“„ Page Content:
      External Links: 141

   âš ï¸ JavaScript Behavior:

ğŸ“Š Metadata:
   First Seen: 2025-10-"
,tn.gov.in," ğŸš¨ VERDICT: BENIGN (Risk Score: 0/100, Confidence: 0.50)

Domain: tn.gov.in
Registrable Domain: tn.gov.in

ğŸ“¡ DNS Records:
   A (IPv4): 218.248.29.65
   MX (Mail): mail.tn.gov.in
   NS (Nameservers): ns3.tn.gov.in, ns1.tn.gov.in, ns2.tn.gov.in

ğŸ“‹ WHOIS Information:
   Registrar: National Informatics Centre
   Domain Age: 7899 days
   Days Until Expiry: 136

ğŸŒ Network & Location:
   ASN: 9829
   Country: IN

ğŸ“Š Metadata:
   First Seen: 2025-10-14T14:43:21.845200+00:00
   Processing Stage: rules:benign"
,railtelindia.com," ğŸš¨ VERDICT: BENIGN (Risk Score: 0/100, Confidence: 0.50)

Domain: railtelindia.com
Registrable Domain: railtelindia.com

ğŸ“¡ DNS Records:
   A (IPv4): 112.133.230.193
   MX (Mail): email.railtelindia.com
   NS (Nameservers): ns1.rcil.gov.in, ns2.rcil.gov.in

ğŸ“‹ WHOIS Information:
   Registrar: ENOM, INC.
   Domain Age: 8675 days
   Days Until Expiry: 90

ğŸŒ Network & Location:
   ASN: 24186
   Country: IN

ğŸ“Š Metadata:
   First Seen: 2025-10-14T14:43:06.579670+00:00
   Processing Stage: rules:benign"
,sebi.gov.in," ğŸš¨ VERDICT: BENIGN (Risk Score: 0/100, Confidence: 0.50)

Domain: sebi.gov.in
Registrable Domain: sebi.gov.in

ğŸ“¡ DNS Records:
   A (IPv4): 202.191.181.158, 202.191.181.30
   MX (Mail): mx3.mgovcloud.in, mx.mgovcloud.in, mx2.mgovcloud.in
   NS (Nameservers): pratibhuti.sebi.gov.in, musbdsdnsm1.sebi.gov.in, chdrdsdnsmc1.sebi.gov.in, nirakshak.sebi.gov.in

ğŸ“‹ WHOIS Information:
   Registrar: National Informatics Centre
   Domain Age: 8264 days
   Days Until Expiry: 136

ğŸŒ Network & Location:
   ASN: 9583
   Cou"
https://jharkhand.gov.in/,jharkhand.gov.in,"https://jharkhand.gov.in/ ğŸš¨ VERDICT: BENIGN (Risk Score: 0/100, Confidence: 0.50)

Domain: jharkhand.gov.in
URL: https://jharkhand.gov.in/
Registrable Domain: jharkhand.gov.in

ğŸ” Page Features & Analysis:

   URL Structure:
      Length: 25 chars, Entropy: 3.94
      Subdomains: 1, Hyphens: 0, Special Chars: 0

   ğŸ“ Forms Detected:
      Total Forms: 3
      Password Fields: 0
      Email Fields: 2

   ğŸ“„ Page Content:
      External Links: 153

   ğŸš© Phishing Keywords Detected: password, login

   âš ï¸ JavaScr"
https://mp.gov.in/,mp.gov.in,"https://mp.gov.in/ ğŸš¨ VERDICT: BENIGN (Risk Score: 0/100, Confidence: 0.50)

Domain: mp.gov.in
URL: https://mp.gov.in/
Registrable Domain: mp.gov.in

ğŸ” Page Features & Analysis:

   URL Structure:
      Length: 18 chars, Entropy: 3.57
      Subdomains: 1, Hyphens: 0, Special Chars: 0

   ğŸ“ Forms Detected:
      Total Forms: 1
      Password Fields: 0
      Email Fields: 0

   ğŸ“„ Page Content:
      External Links: 57

   âš ï¸ JavaScript Behavior:

ğŸ“Š Metadata:
   First Seen: 2025-10-14T14:50:24.488237+00:00
   P"
,odisha.gov.in," ğŸš¨ VERDICT: BENIGN (Risk Score: 0/100, Confidence: 0.50)

Domain: odisha.gov.in
Registrable Domain: odisha.gov.in

ğŸ“¡ DNS Records:
   A (IPv4): 164.100.141.48, 117.250.67.148
   MX (Mail): mail.odisha.gov.in
   NS (Nameservers): ns1.ocachosting.in, ns3.ocachosting.in, ns2.ocachosting.in, ns4.ocachosting.in

ğŸ“‹ WHOIS Information:
   Registrar: National Informatics Centre
   Domain Age: 5058 days
   Days Until Expiry: 55

ğŸŒ Network & Location:
   ASN: 4758
   Country: IN

ğŸ“Š Metadata:
   First Seen: 2025-10-14T1"
https://nagaland.gov.in/,nagaland.gov.in,"https://nagaland.gov.in/ ğŸš¨ VERDICT: BENIGN (Risk Score: 0/100, Confidence: 0.50)

Domain: nagaland.gov.in
URL: https://nagaland.gov.in/
Registrable Domain: nagaland.gov.in

ğŸ” Page Features & Analysis:

   URL Structure:
      Length: 24 chars, Entropy: 3.74
      Subdomains: 1, Hyphens: 0, Special Chars: 0

   ğŸ“„ Page Content:
      External Links: 32

   âš ï¸ JavaScript Behavior:

ğŸ“Š Metadata:
   First Seen: 2025-10-14T14:51:17.195059+00:00
   Processing Stage: rules:benign"
,sikkim.gov.in," ğŸš¨ VERDICT: BENIGN (Risk Score: 0/100, Confidence: 0.50)

Domain: sikkim.gov.in
Registrable Domain: sikkim.gov.in

ğŸ“¡ DNS Records:
   A (IPv4): 164.100.126.233
   MX (Mail): mailgw.nic.in
   NS (Nameservers): ns10.nic.in, ns7.nic.in, ns2.nic.in, ns1.nic.in

ğŸ“‹ WHOIS Information:
   Registrar: National Informatics Centre
   Domain Age: 7745 days
   Days Until Expiry: 289

ğŸŒ Network & Location:
   ASN: 55824
   Country: IN

ğŸ“Š Metadata:
   First Seen: 2025-10-14T14:43:19.446915+00:00
   Processing Stage: rules:b"
https://py.gov.in/,py.gov.in,"https://py.gov.in/ ğŸš¨ VERDICT: BENIGN (Risk Score: 0/100, Confidence: 0.50)

Domain: py.gov.in
URL: https://py.gov.in/
Registrable Domain: py.gov.in

ğŸ” Page Features & Analysis:

   URL Structure:
      Length: 18 chars, Entropy: 3.57
      Subdomains: 1, Hyphens: 0, Special Chars: 0

   ğŸ“ Forms Detected:
      Total Forms: 1
      Password Fields: 0
      Email Fields: 0

   ğŸ“„ Page Content:
      External Links: 44

   ğŸš© Phishing Keywords Detected: account

   âš ï¸ JavaScript Behavior:
      ğŸš¨ Obfuscated Code"
,telangana.gov.in," ğŸš¨ VERDICT: BENIGN (Risk Score: 0/100, Confidence: 0.50)

Domain: telangana.gov.in
Registrable Domain: telangana.gov.in

ğŸ“¡ DNS Records:
   A (IPv4): 103.122.128.143
   MX (Mail): mailgw.nic.in
   NS (Nameservers): dns2.telangana.gov.in, dns1.telangana.gov.in, dns3.telangana.gov.in

ğŸ“‹ WHOIS Information:
   Registrar: National Informatics Centre
   Domain Age: 4184 days
   Days Until Expiry: 198

ğŸŒ Network & Location:
   ASN: 136659
   Country: IN

ğŸ“Š Metadata:
   First Seen: 2025-10-14T14:43:45.080715+00:00
 "
https://tripura.gov.in/,tripura.gov.in,"https://tripura.gov.in/ ğŸš¨ VERDICT: BENIGN (Risk Score: 0/100, Confidence: 0.50)

Domain: tripura.gov.in
URL: https://tripura.gov.in/
Registrable Domain: tripura.gov.in

ğŸ” Page Features & Analysis:

   URL Structure:
      Length: 23 chars, Entropy: 3.76
      Subdomains: 1, Hyphens: 0, Special Chars: 0

   ğŸ“„ Page Content:
      External Links: 70

   âš ï¸ JavaScript Behavior:
      ğŸš¨ Obfuscated Code Detected

ğŸ“Š Metadata:
   First Seen: 2025-10-14T14:52:02.707574+00:00
   Processing Stage: rules:benign"
,wb.gov.in," ğŸš¨ VERDICT: BENIGN (Risk Score: 0/100, Confidence: 0.50)

Domain: wb.gov.in
Registrable Domain: wb.gov.in

ğŸ“¡ DNS Records:
   A (IPv4): 202.61.117.51
   MX (Mail): mail.wb.gov.in, wb-gov-in.mail.protection.outlook.com
   NS (Nameservers): ns2.nic.in, ns7.nic.in, ns10.nic.in, ns1.nic.in

ğŸ“‹ WHOIS Information:
   Registrar: National Informatics Centre
   Domain Age: 8271 days
   Days Until Expiry: 136

ğŸŒ Network & Location:
   ASN: 55741
   Country: IN

ğŸ“Š Metadata:
   First Seen: 2025-10-14T14:43:45.291999+00:0"
,up.gov.in," ğŸš¨ VERDICT: BENIGN (Risk Score: 0/100, Confidence: 0.50)

Domain: up.gov.in
Registrable Domain: up.gov.in

ğŸ“¡ DNS Records:
   A (IPv4): 164.100.181.61
   MX (Mail): mailgw.nic.in
   NS (Nameservers): ns1.nic.in, ns2.nic.in, ns7.nic.in, ns10.nic.in

ğŸ“‹ WHOIS Information:
   Registrar: National Informatics Centre
   Domain Age: 7416 days
   Days Until Expiry: 253

ğŸŒ Network & Location:
   ASN: 55824
   Country: IN

ğŸ“Š Metadata:
   First Seen: 2025-10-14T14:43:21.820978+00:00
   Processing Stage: rules:benign"
,parivahan.gov.in," ğŸš¨ VERDICT: BENIGN (Risk Score: 0/100, Confidence: 0.50)

Domain: parivahan.gov.in
Registrable Domain: parivahan.gov.in

ğŸ“¡ DNS Records:
   A (IPv4): 103.195.218.37
   NS (Nameservers): ns2.nic.in, ns10.nic.in, ns1.nic.in, ns7.nic.in

ğŸ“‹ WHOIS Information:
   Registrar: National Informatics Centre
   Domain Age: 5205 days
   Days Until Expiry: 273

ğŸŒ Network & Location:
   ASN: 4758
   Country: IN

ğŸ“Š Metadata:
   First Seen: 2025-10-14T14:43:28.444179+00:00
   Processing Stage: rules:benign"
https://uidai.gov.in/,uidai.gov.in,"https://uidai.gov.in/ ğŸš¨ VERDICT: BENIGN (Risk Score: 0/100, Confidence: 0.50)

Domain: uidai.gov.in
URL: https://uidai.gov.in/
Registrable Domain: uidai.gov.in

ğŸ” Page Features & Analysis:

   URL Structure:
      Length: 21 chars, Entropy: 3.75
      Subdomains: 1, Hyphens: 0, Special Chars: 0

ğŸ“Š Metadata:
   First Seen: 2025-10-14T14:52:59.883067+00:00
   Processing Stage: rules:benign"
,uk.gov.in," Domain: uk.gov.in
Registrable Domain: uk.gov.in

ğŸ“Š Metadata:
   First Seen: 1760453016032"
,tcs.com," ğŸš¨ VERDICT: BENIGN (Risk Score: 0/100, Confidence: 0.50)

Domain: tcs.com
Registrable Domain: tcs.com

ğŸ“¡ DNS Records:
   A (IPv4): 4.247.162.6
   MX (Mail): Inblrg05.tcs.com, Inmumg05.tcs.com, inchng05.tcs.com, inmumg01.tcs.com, inblrg01.tcs.com, usnjyg01.tcs.com, uklong01.tcs.com, inchng04.tcs.com, inblrg03.tcs.com, inchng01.tcs.com, inmumg02.tcs.com, inchng02.tcs.com, Inmumg04.tcs.com, Inblrg04.tcs.com
   NS (Nameservers): ns5.tcs.com, ns7.tcs.com, ns8.tcs.com, ns6.tcs.com, ns3.tcs.com

ğŸ“‹ WHOIS Informatio"
https://www.bhimupi.org.in/,bhimupi.org.in,"https://www.bhimupi.org.in/ Domain: www.bhimupi.org.in
URL: https://www.bhimupi.org.in/
Registrable Domain: bhimupi.org.in

ğŸ” Page Features & Analysis:

   URL Structure:
      Length: 27 chars, Entropy: 3.83
      Subdomains: 2, Hyphens: 0, Special Chars: 0

   ğŸ“„ Page Content:
      HTML Size: 52,503 bytes
      Internal Links: 29
      External Links: 33
      Images: 43
      âš ï¸ IFrames: 3
      External Scripts: 17
      Favicon: Present

   ğŸš© Phishing Keywords Detected: account, secure

   âš ï¸ JavaScrip"
https://aicte.gov.in/,aicte-india.org,"https://aicte.gov.in/ ğŸš¨ VERDICT: BENIGN (Risk Score: 0/100, Confidence: 0.50)

Domain: aicte.gov.in
URL: https://aicte.gov.in/
Registrable Domain: aicte-india.org

ğŸ” Page Features & Analysis:

   URL Structure:
      Length: 21 chars, Entropy: 3.75
      Subdomains: 1, Hyphens: 0, Special Chars: 0

   ğŸ“ Forms Detected:
      Total Forms: 1
      Password Fields: 0
      Email Fields: 0
      Submit Buttons: Search

   ğŸ“„ Page Content:
      External Links: 64

   ğŸš© Phishing Keywords Detected: account, login,"
https://www.bseindia.com/,bseindia.com,"https://www.bseindia.com/ ğŸš¨ VERDICT: BENIGN (Risk Score: 0/100, Confidence: 0.50)

Domain: www.bseindia.com
URL: https://www.bseindia.com/
Registrable Domain: bseindia.com

ğŸ” Page Features & Analysis:

   URL Structure:
      Length: 25 chars, Entropy: 3.94
      Subdomains: 1, Hyphens: 0, Special Chars: 0

   ğŸ“ Forms Detected:
      Total Forms: 2
      Password Fields: 0
      Email Fields: 0

   ğŸ“„ Page Content:
      External Links: 95

   ğŸš© Phishing Keywords Detected: login, suspended

   âš ï¸ JavaScript "
https://www.epfindia.gov.in/site_en/index.php,epfindia.gov.in,"https://www.epfindia.gov.in/site_en/index.php ğŸš¨ VERDICT: BENIGN (Risk Score: 10/100, Confidence: 0.50)
   Risk Indicators: Elevated URL entropy

Domain: www.epfindia.gov.in
URL: https://www.epfindia.gov.in/site_en/index.php
Registrable Domain: epfindia.gov.in

ğŸ” Page Features & Analysis:

   URL Structure:
      Length: 45 chars, Entropy: 4.00
      Subdomains: 2, Hyphens: 0, Special Chars: 1

   ğŸ“„ Page Content:
      External Links: 475

   ğŸš© Phishing Keywords Detected: password, account, login, secure

  "
https://www.dgft.gov.in/CP/,dgft.gov.in,"https://www.dgft.gov.in/CP/ ğŸš¨ VERDICT: BENIGN (Risk Score: 0/100, Confidence: 0.50)

Domain: www.dgft.gov.in
URL: https://www.dgft.gov.in/CP/
Registrable Domain: dgft.gov.in

ğŸ” Page Features & Analysis:

   URL Structure:
      Length: 27 chars, Entropy: 3.86
      Subdomains: 2, Hyphens: 0, Special Chars: 0

   ğŸ“ Forms Detected:
      Total Forms: 1
      Password Fields: 0
      Email Fields: 0

   ğŸ“„ Page Content:
      External Links: 221

   ğŸš© Phishing Keywords Detected: account, login, secure, verify

"
https://www.goa.gov.in/,goa.gov.in,"https://www.goa.gov.in/ ğŸš¨ VERDICT: BENIGN (Risk Score: 0/100, Confidence: 0.50)

Domain: www.goa.gov.in
URL: https://www.goa.gov.in/
Registrable Domain: goa.gov.in

ğŸ” Page Features & Analysis:

   URL Structure:
      Length: 23 chars, Entropy: 3.64
      Subdomains: 2, Hyphens: 0, Special Chars: 0

   ğŸ“ Forms Detected:
      Total Forms: 1
      Password Fields: 0
      Email Fields: 0

   ğŸ“„ Page Content:
      External Links: 31

   ğŸš© Phishing Keywords Detected: account

   âš ï¸ JavaScript Behavior:
      ğŸš¨"
https://esic.gov.in/,esic.nic.in,"https://esic.gov.in/ ğŸš¨ VERDICT: BENIGN (Risk Score: 0/100, Confidence: 0.50)

Domain: esic.gov.in
URL: https://esic.gov.in/
Registrable Domain: esic.nic.in

ğŸ” Page Features & Analysis:

   URL Structure:
      Length: 20 chars, Entropy: 3.68
      Subdomains: 1, Hyphens: 0, Special Chars: 0

   ğŸ“ Forms Detected:
      Total Forms: 1
      Password Fields: 0
      Email Fields: 0
      Submit Buttons: Search

   ğŸ“„ Page Content:
      External Links: 64

   ğŸš© Phishing Keywords Detected: password, login

   âš ï¸"
https://home.iitd.ac.in/,iitd.ac.in,"https://home.iitd.ac.in/ ğŸš¨ VERDICT: BENIGN (Risk Score: 0/100, Confidence: 0.50)

Domain: home.iitd.ac.in
URL: https://home.iitd.ac.in/
Registrable Domain: iitd.ac.in

ğŸ” Page Features & Analysis:

   URL Structure:
      Length: 24 chars, Entropy: 3.71
      Subdomains: 2, Hyphens: 0, Special Chars: 0

   ğŸ“ Forms Detected:
      Total Forms: 1
      Password Fields: 0
      Email Fields: 0

   ğŸ“„ Page Content:
      External Links: 511

   âš ï¸ JavaScript Behavior:
      ğŸš¨ Obfuscated Code Detected

ğŸ“Š Metadata:"
https://www.gst.gov.in/,gst.gov.in,"https://www.gst.gov.in/ ğŸš¨ VERDICT: BENIGN (Risk Score: 0/100, Confidence: 0.50)

Domain: www.gst.gov.in
URL: https://www.gst.gov.in/
Registrable Domain: gst.gov.in

ğŸ” Page Features & Analysis:

   URL Structure:
      Length: 23 chars, Entropy: 3.52
      Subdomains: 2, Hyphens: 0, Special Chars: 0

   ğŸ“„ Page Content:
      External Links: 15

   ğŸš© Phishing Keywords Detected: account, login, verify

   âš ï¸ JavaScript Behavior:

ğŸ“Š Metadata:
   First Seen: 2025-10-14T14:45:28.141439+00:00
   Processing Stage: "
https://www.digilocker.gov.in/,digilocker.gov.in,"https://www.digilocker.gov.in/ ğŸš¨ VERDICT: BENIGN (Risk Score: 10/100, Confidence: 0.50)
   Risk Indicators: Elevated URL entropy

Domain: www.digilocker.gov.in
URL: https://www.digilocker.gov.in/
Registrable Domain: digilocker.gov.in

ğŸ” Page Features & Analysis:

   URL Structure:
      Length: 30 chars, Entropy: 4.07
      Subdomains: 2, Hyphens: 0, Special Chars: 0

   ğŸ“„ Page Content:
      External Links: 13

   ğŸš© Phishing Keywords Detected: login, secure, verify

   âš ï¸ JavaScript Behavior:

ğŸ“Š Metadata:
"
https://dc.crsorgi.gov.in/crs/,crsorgi.gov.in,"https://dc.crsorgi.gov.in/crs/ ğŸš¨ VERDICT: BENIGN (Risk Score: 0/100, Confidence: 0.50)

Domain: dc.crsorgi.gov.in
URL: https://dc.crsorgi.gov.in/crs/
Registrable Domain: crsorgi.gov.in

ğŸ” Page Features & Analysis:

   URL Structure:
      Length: 30 chars, Entropy: 3.74
      Subdomains: 2, Hyphens: 0, Special Chars: 0

   ğŸ“„ Page Content:
      External Links: 5

   ğŸš© Phishing Keywords Detected: login

   âš ï¸ JavaScript Behavior:

ğŸ“Š Metadata:
   First Seen: 2025-10-15T03:57:33.010759+00:00
   Processing Stag"
https://hal-india.co.in/home,hal-india.co.in,"https://hal-india.co.in/home ğŸš¨ VERDICT: BENIGN (Risk Score: 0/100, Confidence: 0.50)

Domain: hal-india.co.in
URL: https://hal-india.co.in/home
Registrable Domain: hal-india.co.in

ğŸ” Page Features & Analysis:

   URL Structure:
      Length: 28 chars, Entropy: 3.94
      Subdomains: 1, Hyphens: 1, Special Chars: 0

   ğŸ“ Forms Detected:
      Total Forms: 1
      Password Fields: 0
      Email Fields: 0
      Submit Buttons: Start

   ğŸ“„ Page Content:
      External Links: 172

   ğŸš© Phishing Keywords Detected"
https://www.meity.gov.in/,meity.gov.in,"https://www.meity.gov.in/ Domain: www.meity.gov.in
URL: https://www.meity.gov.in/
Registrable Domain: meity.gov.in

ğŸ” Page Features & Analysis:

   URL Structure:
      Length: 25 chars, Entropy: 3.80
      Subdomains: 2, Hyphens: 0, Special Chars: 0

   ğŸ“„ Page Content:
      HTML Size: 294 bytes
      Internal Links: 0
      External Links: 0
      Images: 0
      External Scripts: 0
"
https://www.iitb.ac.in/,iitb.ac.in,"https://www.iitb.ac.in/ ğŸš¨ VERDICT: BENIGN (Risk Score: 0/100, Confidence: 0.50)

Domain: www.iitb.ac.in
URL: https://www.iitb.ac.in/
Registrable Domain: iitb.ac.in

ğŸ” Page Features & Analysis:

   URL Structure:
      Length: 23 chars, Entropy: 3.49
      Subdomains: 2, Hyphens: 0, Special Chars: 0

   ğŸ“ Forms Detected:
      Total Forms: 2
      Password Fields: 0
      Email Fields: 0
      Submit Buttons: Search, Go

   ğŸ“„ Page Content:
      External Links: 92

   ğŸš© Phishing Keywords Detected: account

 "
https://www.indianbank.in/,indianbank.in,"https://www.indianbank.in/ ğŸš¨ VERDICT: BENIGN (Risk Score: 0/100, Confidence: 0.50)

Domain: www.indianbank.in
URL: https://www.indianbank.in/
Registrable Domain: indianbank.in

ğŸ” Page Features & Analysis:

   URL Structure:
      Length: 26 chars, Entropy: 3.61
      Subdomains: 1, Hyphens: 0, Special Chars: 0

   ğŸ“ Forms Detected:
      Total Forms: 3
      Password Fields: 0
      Email Fields: 0

   ğŸ“„ Page Content:
      External Links: 101

   ğŸš© Phishing Keywords Detected: account, secure

   âš ï¸ JavaScr"
http://www.education.gov.in/,education.gov.in,"http://www.education.gov.in/ ğŸš¨ VERDICT: BENIGN (Risk Score: 0/100, Confidence: 0.50)

Domain: www.education.gov.in
URL: http://www.education.gov.in/
Registrable Domain: education.gov.in

ğŸ” Page Features & Analysis:

   URL Structure:
      Length: 28 chars, Entropy: 3.91
      Subdomains: 2, Hyphens: 0, Special Chars: 0

ğŸ“Š Metadata:
   First Seen: 2025-10-14T14:48:13.953634+00:00
   Processing Stage: rules:benign"
https://www.idbi.bank.in/,idbi.com,"https://www.idbi.bank.in/ ğŸš¨ VERDICT: BENIGN (Risk Score: 0/100, Confidence: 0.50)

Domain: www.idbi.bank.in
URL: https://www.idbi.bank.in/
Registrable Domain: idbi.com

ğŸ” Page Features & Analysis:

   URL Structure:
      Length: 25 chars, Entropy: 3.64
      Subdomains: 2, Hyphens: 0, Special Chars: 0

   ğŸ“„ Page Content:
      External Links: 367

   ğŸš© Phishing Keywords Detected: password, account, verify

   âš ï¸ JavaScript Behavior:

ğŸ“Š Metadata:
   First Seen: 2025-10-14T14:49:18.824332+00:00
   Processing"
https://validate.perfdrive.com/?ssa=aa65afc4-5226-4480-b5fb-a1d39d7b0a23&ssb=29105227192&ssc=https%3A%2F%2Fntpc.co.in%2F&ssi=221ce59d-cs5n-4b36-b3ca-2c66d350b38a&ssk=botmanager_support@radware.com&ssm=44559758292098665103437416077107&ssn=cfa868bad9910c9c4cf2210d5c1d8d2c26794c10434b-5307-49c3-9c3316&sso=c06ae48b-73b3d53245266f5843e0cf8dd969e4a1ff1accd36c87235e&ssp=13717539771760477077176046238260380&ssq=46792325297871368799052978548368989233665&ssr=MTM2LjIzMi4xNTUuMTc4&sst=IC05-Prober/1.0%20(+https://example)&ssu=&ssv=&ssw=&ssx=eyJfX3V6bWYiOiI3ZjkwMDA0YzEwNDM0Yi01MzA3LTQ5YzMtOTQ4Yi03M2IzZDUzMjQ1MjYxLTE3NjA0NTI5Nzg4NDMwLTAwMWI1YmQyYWE4NTU5NmExMzkxMCIsInV6bXgiOiI3ZjkwMDA4NWYxYzYwYy02ZThiLTQwNmMtYjFiZC1kNTUwMzUzNzE1MDQxLTE3NjA0NTI5Nzg4NDMwLWQ0NzE1N2FlMjY0Y2JjMDUxMCIsInJkIjoibnRwYy5jby5pbiJ9,ntpc.co.in,https://validate.perfdrive.com/?ssa=aa65afc4-5226-4480-b5fb-a1d39d7b0a23&ssb=29105227192&ssc=https%3A%2F%2Fntpc.co.in%2F&ssi=221ce59d-cs5n-4b36-b3ca-2c66d350b38a&ssk=botmanager_support@radware.com&ssm=44559758292098665103437416077107&ssn=cfa868bad9910c9c4cf2210d5c1d8d2c26794c10434b-5307-49c3-9c3316&sso=c06ae48b-73b3d53245266f5843e0cf8dd969e4a1ff1accd36c87235e&ssp=13717539771760477077176046238260380&ssq=46792325297871368799052978548368989233665&ssr=MTM2LjIzMi4xNTUuMTc4&sst=IC05-Prober/1.0%20(+https://example
https://www.nic.gov.in/,nic.gov.in,"https://www.nic.gov.in/ ğŸš¨ VERDICT: BENIGN (Risk Score: 0/100, Confidence: 0.50)

Domain: www.nic.gov.in
URL: https://www.nic.gov.in/
Registrable Domain: nic.gov.in

ğŸ” Page Features & Analysis:

   URL Structure:
      Length: 23 chars, Entropy: 3.64
      Subdomains: 2, Hyphens: 0, Special Chars: 0

ğŸ“Š Metadata:
   First Seen: 2025-10-15T03:57:25.187207+00:00
   Processing Stage: rules:benign"
https://www.powergrid.in/,powergrid.in,"https://www.powergrid.in/ ğŸš¨ VERDICT: BENIGN (Risk Score: 0/100, Confidence: 0.50)

Domain: www.powergrid.in
URL: https://www.powergrid.in/
Registrable Domain: powergrid.in

ğŸ” Page Features & Analysis:

   URL Structure:
      Length: 25 chars, Entropy: 3.73
      Subdomains: 1, Hyphens: 0, Special Chars: 0

ğŸ“Š Metadata:
   First Seen: 2025-10-14T14:49:53.382466+00:00
   Processing Stage: rules:benign"
https://www.railtel.in/hi/,railtelindia.com,"https://www.railtel.in/hi/ ğŸš¨ VERDICT: BENIGN (Risk Score: 0/100, Confidence: 0.50)

Domain: www.railtel.in
URL: https://www.railtel.in/hi/
Registrable Domain: railtelindia.com

ğŸ” Page Features & Analysis:

   URL Structure:
      Length: 26 chars, Entropy: 3.61
      Subdomains: 1, Hyphens: 0, Special Chars: 0

   ğŸ“„ Page Content:
      External Links: 45

   âš ï¸ JavaScript Behavior:

ğŸ“Š Metadata:
   First Seen: 2025-10-14T14:49:57.852476+00:00
   Processing Stage: rules:benign"
https://www.tn.gov.in/,tn.gov.in,"https://www.tn.gov.in/ ğŸš¨ VERDICT: BENIGN (Risk Score: 0/100, Confidence: 0.50)

Domain: www.tn.gov.in
URL: https://www.tn.gov.in/
Registrable Domain: tn.gov.in

ğŸ” Page Features & Analysis:

   URL Structure:
      Length: 22 chars, Entropy: 3.50
      Subdomains: 2, Hyphens: 0, Special Chars: 0

   ğŸ“„ Page Content:
      External Links: 110

   ğŸš© Phishing Keywords Detected: login

   âš ï¸ JavaScript Behavior:

ğŸ“Š Metadata:
   First Seen: 2025-10-14T14:53:22.669293+00:00
   Processing Stage: rules:benign"
https://www.sebi.gov.in/,sebi.gov.in,"https://www.sebi.gov.in/ ğŸš¨ VERDICT: BENIGN (Risk Score: 0/100, Confidence: 0.50)

Domain: www.sebi.gov.in
URL: https://www.sebi.gov.in/
Registrable Domain: sebi.gov.in

ğŸ” Page Features & Analysis:

   URL Structure:
      Length: 24 chars, Entropy: 3.74
      Subdomains: 2, Hyphens: 0, Special Chars: 0

   ğŸ“ Forms Detected:
      Total Forms: 1
      Password Fields: 1
      Email Fields: 0

   ğŸ“„ Page Content:
      External Links: 154

   ğŸš© Phishing Keywords Detected: password, account, login

   âš ï¸ JavaSc"
https://www.sikkim.gov.in/,sikkim.gov.in,"https://www.sikkim.gov.in/ ğŸš¨ VERDICT: BENIGN (Risk Score: 0/100, Confidence: 0.50)

Domain: www.sikkim.gov.in
URL: https://www.sikkim.gov.in/
Registrable Domain: sikkim.gov.in

ğŸ” Page Features & Analysis:

   URL Structure:
      Length: 26 chars, Entropy: 3.74
      Subdomains: 2, Hyphens: 0, Special Chars: 0

   ğŸ“ Forms Detected:
      Total Forms: 1
      Password Fields: 0
      Email Fields: 0

   ğŸ“„ Page Content:
      External Links: 32

   ğŸš© Phishing Keywords Detected: login

   âš ï¸ JavaScript Behavio"
,icicicareers.com," ğŸš¨ VERDICT: BENIGN (Risk Score: 0/100, Confidence: 0.50)

Domain: icicicareers.com
Registrable Domain: icicicareers.com

ğŸ“¡ DNS Records:
   NS (Nameservers): ns3.icicibank.com, ns2.icicibank.com, ns1.icicibank.com, a7-65.akam.net

ğŸ“‹ WHOIS Information:
   Registrar: PDR Ltd. d/b/a PublicDomainRegistry.com
   Domain Age: 9311 days
   Days Until Expiry: 184

ğŸ“Š Metadata:
   First Seen: 2025-10-15T03:57:01.335340+00:00
   Processing Stage: rules:benign"
,hdfc.com," ğŸš¨ VERDICT: BENIGN (Risk Score: 0/100, Confidence: 0.50)

Domain: hdfc.com
Registrable Domain: hdfc.com

ğŸ“¡ DNS Records:
   A (IPv4): 104.16.121.45, 104.16.122.45
   AAAA (IPv6): 2606:4700::6810:792d, 2606:4700::6810:7a2d
   MX (Mail): hdfc-com.mail.protection.outlook.com
   NS (Nameservers): mia.ns.cloudflare.com, skip.ns.cloudflare.com

ğŸ“‹ WHOIS Information:
   Registrar: PDR Ltd. d/b/a PublicDomainRegistry.com
   Domain Age: 9865 days
   Days Until Expiry: 360

ğŸŒ Network & Location:
   ASN: 13335

ğŸ“Š Metada"
,yonobusiness.sbi," ğŸš¨ VERDICT: BENIGN (Risk Score: 0/100, Confidence: 0.50)

Domain: yonobusiness.sbi
Registrable Domain: yonobusiness.sbi

ğŸ“¡ DNS Records:
   A (IPv4): 103.68.221.208
   AAAA (IPv6): 2405:a700:14:12e::230
   NS (Nameservers): a1-148.akam.net, a16-64.akam.net, a20-64.akam.net, a22-65.akam.net, a3-66.akam.net, a5-66.akam.net

ğŸ“‹ WHOIS Information:
   Registrar: Synergy Wholesale Accreditations Pty Ltd
   Domain Age: 2566 days
   Days Until Expiry: 355

ğŸŒ Network & Location:
   ASN: 45644
   Country: IN

ğŸ“Š Metadat"
,hdfcbank.com," ğŸš¨ VERDICT: BENIGN (Risk Score: 0/100, Confidence: 0.50)

Domain: hdfcbank.com
Registrable Domain: hdfcbank.com

ğŸ“¡ DNS Records:
   A (IPv4): 104.17.6.56, 104.16.36.67
   AAAA (IPv6): 2606:4700::6811:638, 2606:4700::6810:2443
   MX (Mail): hdfcbank-com.mail.protection.outlook.com
   NS (Nameservers): roxy.ns.cloudflare.com, elmo.ns.cloudflare.com

ğŸ“‹ WHOIS Information:
   Registrar: PDR Ltd. d/b/a PublicDomainRegistry.com
   Domain Age: 10414 days
   Days Until Expiry: 543

ğŸŒ Network & Location:
   ASN: 13335"
,sbi.co.in," ğŸš¨ VERDICT: BENIGN (Risk Score: 0/100, Confidence: 0.50)

Domain: sbi.co.in
Registrable Domain: sbi.co.in

ğŸ“¡ DNS Records:
   A (IPv4): 103.209.96.176
   AAAA (IPv6): 2405:a700:14:100::6e
   MX (Mail): sbi-co-in.mail.protection.outlook.com
   NS (Nameservers): pdns.satyam.net.in, sdns.satyam.net.in

ğŸ“‹ WHOIS Information:
   Registrar: Sify Digital Services Limited
   Domain Age: 8385 days
   Days Until Expiry: 1111

ğŸŒ Network & Location:
   ASN: 45644
   Country: IN

ğŸ“Š Metadata:
   First Seen: 2025-10-15T03:5"
,icicidirect.com," ğŸš¨ VERDICT: BENIGN (Risk Score: 0/100, Confidence: 0.50)

Domain: icicidirect.com
Registrable Domain: icicidirect.com

ğŸ“¡ DNS Records:
   A (IPv4): 3.111.94.222, 13.200.187.22
   MX (Mail): icicidirect-com.mail.protection.outlook.com
   NS (Nameservers): a12-65.akam.net, a14-65.akam.net, a20-67.akam.net, ns2.icicibank.com, ns3.icicibank.com, a1-79.akam.net, ns1.icicibank.com, a3-66.akam.net

ğŸ“‹ WHOIS Information:
   Registrar: Network Solutions, LLC
   Domain Age: 9503 days
   Days Until Expiry: 358

ğŸŒ Networ"
,icicilombard.com," ğŸš¨ VERDICT: BENIGN (Risk Score: 0/100, Confidence: 0.50)

Domain: icicilombard.com
Registrable Domain: icicilombard.com

ğŸ“¡ DNS Records:
   A (IPv4): 13.234.149.210, 3.108.115.94
   AAAA (IPv6): 2001:df0:2fd:1::20
   MX (Mail): icicilombard-com.mail.protection.outlook.com
   NS (Nameservers): a1-24.akam.net, ns3.icicilombard.com, a11-65.akam.net, ns1.icicilombard.com, a18-66.akam.net, ns4.icicilombard.com, a10-65.akam.net, a3-66.akam.net, ns2.icicilombard.com, a28-64.akam.net

ğŸ“‹ WHOIS Information:
   Registr"
,pnbindia.in," Domain: pnbindia.in
Registrable Domain: pnbindia.in

ğŸ“¡ DNS Records:
   A (IPv4): 49.50.72.206
   NS (Nameservers): ns3.pnbindia.com, ns4.pnbindia.com, ns1.pnbindia.com, ns2.pnbindia.com

ğŸ“‹ WHOIS Information:
   Registrar: MPS Infotecnics Limited
   Domain Age: 7545 days
   Days Until Expiry: 1950

ğŸŒ Network & Location:
   ASN: 55470
   Country: IN

ğŸ“Š Metadata:
   First Seen: 1760500625.9265926
   Processing Stage: resolved"
,iciciprulicfe.com," ğŸš¨ VERDICT: BENIGN (Risk Score: 0/100, Confidence: 0.50)

Domain: iciciprulicfe.com
Registrable Domain: iciciprulicfe.com

ğŸ“¡ DNS Records:

ğŸ“‹ WHOIS Information:

ğŸ“Š Metadata:
   First Seen: 2025-10-15T03:57:07.912255+00:00
   Processing Stage: rules:benign"
,airtel.in," Domain: airtel.in
Registrable Domain: airtel.in

ğŸ“¡ DNS Records:
   A (IPv4): 125.16.74.90
   AAAA (IPv6): 2404:a800:ff00:1::101
   MX (Mail): mx-mail6.airtel.com, mx-mail5.airtel.com, mx-mail41.airtel.com, mx-mail40.airtel.com, mx-mail4.airtel.com, mx-mail39.airtel.com, mx-mail38.airtel.com, mx-mail37.airtel.com, mx-mail36.airtel.com, mx-mail35.airtel.com, mx-mail34.airtel.com, mx-mail3.airtel.com, airtel-in.mail.protection.outlook.com, mx-mail2.airtel.com, mx-mail1.airtel.com
   NS (Nameservers): aaadel.m"
https://netpnb.com/,netpnb.com,"https://netpnb.com/ ğŸš¨ VERDICT: BENIGN (Risk Score: 0/100, Confidence: 0.50)

Domain: netpnb.com
URL: https://netpnb.com/
Registrable Domain: netpnb.com

ğŸ” Page Features & Analysis:

   URL Structure:
      Length: 19 chars, Entropy: 3.54
      Subdomains: 0, Hyphens: 0, Special Chars: 0

   ğŸ“„ Page Content:
      External Links: 1

   âš ï¸ JavaScript Behavior:

ğŸ“Š Metadata:
   First Seen: 2025-10-15T03:58:03.340434+00:00
   Processing Stage: rules:benign"
,icicibank.com," ğŸš¨ VERDICT: BENIGN (Risk Score: 0/100, Confidence: 0.50)

Domain: icicibank.com
Registrable Domain: icicibank.com

ğŸ“¡ DNS Records:
   A (IPv4): 20.204.105.107
   MX (Mail): icicibank-com.mail.protection.outlook.com
   NS (Nameservers): a7-65.akam.net, a1-79.akam.net, a3-66.akam.net, ns1.icicibank.com, ns3.icicibank.com, ns2.icicibank.com, a20-67.akam.net, a14-65.akam.net, a12-65.akam.net

ğŸ“‹ WHOIS Information:
   Registrar: Network Solutions, LLC
   Domain Age: 10682 days
   Days Until Expiry: 273

ğŸŒ Network "
,sbicard.com," ğŸš¨ VERDICT: BENIGN (Risk Score: 0/100, Confidence: 0.50)

Domain: sbicard.com
Registrable Domain: sbicard.com

ğŸ“¡ DNS Records:
   A (IPv4): 103.48.124.27
   AAAA (IPv6): 2001:df6:1:9::27
   MX (Mail): sbicard-com.mail.protection.outlook.com
   NS (Nameservers): a16-65.akam.net, a7-65.akam.net, a3-64.akam.net, a28-67.akam.net, a1-120.akam.net, a20-66.akam.net

ğŸ“‹ WHOIS Information:
   Registrar: CSC Corporate Domains, Inc.
   Domain Age: 9660 days
   Days Until Expiry: 1662

ğŸŒ Network & Location:
   ASN: 13255"
,airtel.com," ğŸš¨ VERDICT: BENIGN (Risk Score: 0/100, Confidence: 0.50)

Domain: airtel.com
Registrable Domain: airtel.com

ğŸ“¡ DNS Records:
   A (IPv4): 125.16.74.25
   AAAA (IPv6): 2404:a800:ff00::a0e:2e8e
   MX (Mail): mx-mail5.airtel.com, mx-mail6.airtel.com, mx-mail34.airtel.com, mx-mail3.airtel.com, mx-mail41.airtel.com, mx-mail40.airtel.com, mx-mail39.airtel.com, mx-mail38.airtel.com, mx-mail37.airtel.com, mx-mail36.airtel.com, mx-mail35.airtel.com, mx-mail4.airtel.com, airtel-com.mail.protection.outlook.com
   NS (N"
https://iocl.com/,iocl.com,"https://iocl.com/ ğŸš¨ VERDICT: BENIGN (Risk Score: 0/100, Confidence: 0.50)

Domain: iocl.com
URL: https://iocl.com/
Registrable Domain: iocl.com

ğŸ” Page Features & Analysis:

   URL Structure:
      Length: 17 chars, Entropy: 3.45
      Subdomains: 0, Hyphens: 0, Special Chars: 0

   ğŸ“ Forms Detected:
      Total Forms: 1
      Password Fields: 0
      Email Fields: 0

   ğŸ“„ Page Content:
      External Links: 82

   ğŸš© Phishing Keywords Detected: secure

   âš ï¸ JavaScript Behavior:

ğŸ“Š Metadata:
   First Seen: "
,hdfcergo.com," ğŸš¨ VERDICT: BENIGN (Risk Score: 0/100, Confidence: 0.50)

Domain: hdfcergo.com
Registrable Domain: hdfcergo.com

ğŸ“¡ DNS Records:
   A (IPv4): 52.66.101.246
   MX (Mail): hdfcergo-com.mail.protection.outlook.com
   NS (Nameservers): ns22.adwebtech.com, ns23.adwebtech.com, ns24.adwebtech.com, ns21.adwebtech.com, ns20.adwebtech.com, ns25.adwebtech.com

ğŸ“‹ WHOIS Information:
   Registrar: PDR Ltd. d/b/a PublicDomainRegistry.com
   Domain Age: 6655 days
   Days Until Expiry: 1745

ğŸŒ Network & Location:
   ASN: 165"
https://irctc.com/,irctc.com,"https://irctc.com/ ğŸš¨ VERDICT: BENIGN (Risk Score: 0/100, Confidence: 0.50)

Domain: irctc.com
URL: https://irctc.com/
Registrable Domain: irctc.com

ğŸ” Page Features & Analysis:

   URL Structure:
      Length: 18 chars, Entropy: 3.38
      Subdomains: 0, Hyphens: 0, Special Chars: 0

   ğŸ“ Forms Detected:
      Total Forms: 2
      Password Fields: 0
      Email Fields: 0

   ğŸ“„ Page Content:
      External Links: 135

   ğŸš© Phishing Keywords Detected: login, secure, verify

   âš ï¸ JavaScript Behavior:

ğŸ“Š Metad"
,hdfclife.com," ğŸš¨ VERDICT: BENIGN (Risk Score: 0/100, Confidence: 0.50)

Domain: hdfclife.com
Registrable Domain: hdfclife.com

ğŸ“¡ DNS Records:
   A (IPv4): 23.54.118.35, 23.54.118.51
   AAAA (IPv6): 2600:1417:75::17d4:fd68, 2600:1417:75::17d4:fd33
   MX (Mail): as1.securemta.in, as3.securemta.in
   NS (Nameservers): a28-67.akam.net, a3-64.akam.net, a4-64.akam.net, a8-67.akam.net, a1-100.akam.net, a13-65.akam.net

ğŸ“‹ WHOIS Information:
   Registrar: PDR Ltd. d/b/a PublicDomainRegistry.com
   Domain Age: 9442 days
   Days Un"
,sbiepay.sbi," ğŸš¨ VERDICT: BENIGN (Risk Score: 0/100, Confidence: 0.50)

Domain: sbiepay.sbi
Registrable Domain: sbiepay.sbi

ğŸ“¡ DNS Records:
   A (IPv4): 103.68.221.1
   AAAA (IPv6): 2405:a700:14:171:103:68:221:1
   NS (Nameservers): a3-66.akam.net, a5-66.akam.net, a1-148.akam.net, a16-64.akam.net, a20-64.akam.net, a22-65.akam.net

ğŸ“‹ WHOIS Information:
   Registrar: Synergy Wholesale Accreditations Pty Ltd
   Domain Age: 1993 days
   Days Until Expiry: 197

ğŸŒ Network & Location:
   ASN: 45644
   Country: IN

ğŸ“Š Metadata:
 "
,bobibanking.com," ğŸš¨ VERDICT: BENIGN (Risk Score: 0/100, Confidence: 0.50)

Domain: bobibanking.com
Registrable Domain: bobibanking.com

ğŸ“¡ DNS Records:
   A (IPv4): 103.85.40.27
   NS (Nameservers): ns2.rilinfo.net, ns1.rilinfo.net

ğŸ“‹ WHOIS Information:
   Registrar: Terranet (India) Private Limited
   Domain Age: 9147 days
   Days Until Expiry: 1809

ğŸŒ Network & Location:
   ASN: 136252
   Country: IN

ğŸ“Š Metadata:
   First Seen: 2025-10-15T03:57:13.983925+00:00
   Processing Stage: rules:benign"
https://www.hdfcbank.com/,hdfcbank.com,"https://www.hdfcbank.com/ ğŸš¨ VERDICT: BENIGN (Risk Score: 0/100, Confidence: 0.50)

Domain: www.hdfcbank.com
URL: https://www.hdfcbank.com/
Registrable Domain: hdfcbank.com

ğŸ” Page Features & Analysis:

   URL Structure:
      Length: 25 chars, Entropy: 3.94
      Subdomains: 1, Hyphens: 0, Special Chars: 0

   ğŸ“ Forms Detected:
      Total Forms: 1
      Password Fields: 0
      Email Fields: 0
      Submit Buttons: Send

   ğŸ“„ Page Content:
      External Links: 268

   ğŸš© Phishing Keywords Detected: account"
https://bankofbaroda.in/,bankofbaroda.in,"https://bankofbaroda.in/ ğŸš¨ VERDICT: BENIGN (Risk Score: 0/100, Confidence: 0.50)

Domain: bankofbaroda.in
URL: https://bankofbaroda.in/
Registrable Domain: bankofbaroda.in

ğŸ” Page Features & Analysis:

   URL Structure:
      Length: 24 chars, Entropy: 3.86
      Subdomains: 0, Hyphens: 0, Special Chars: 0

   ğŸ“„ Page Content:
      External Links: 1

   âš ï¸ JavaScript Behavior:

ğŸ“Š Metadata:
   First Seen: 2025-10-15T03:59:06.798967+00:00
   Processing Stage: rules:benign"
https://yonobusiness.sbi.bank.in/,yonobusiness.sbi,"https://yonobusiness.sbi.bank.in/ ğŸš¨ VERDICT: BENIGN (Risk Score: 0/100, Confidence: 0.50)

Domain: yonobusiness.sbi.bank.in
URL: https://yonobusiness.sbi.bank.in/
Registrable Domain: yonobusiness.sbi

ğŸ” Page Features & Analysis:

   URL Structure:
      Length: 33 chars, Entropy: 3.75
      Subdomains: 2, Hyphens: 0, Special Chars: 0

   ğŸ“ Forms Detected:
      Total Forms: 1
      Password Fields: 0
      Email Fields: 0
      Submit Buttons: SEND

   ğŸ“„ Page Content:
      External Links: 136

   ğŸš© Phishin"
https://kavach.mail.gov.in/mfid/secureLogin_showSecureLogin.action#!,mail.gov.in,"https://kavach.mail.gov.in/mfid/secureLogin_showSecureLogin.action#! ğŸš¨ VERDICT: BENIGN (Risk Score: 15/100, Confidence: 0.50)
   Risk Indicators: High URL entropy

Domain: kavach.mail.gov.in
URL: https://kavach.mail.gov.in/mfid/secureLogin_showSecureLogin.action#!
Registrable Domain: mail.gov.in

ğŸ” Page Features & Analysis:

   URL Structure:
      Length: 68 chars, Entropy: 4.56
      Subdomains: 2, Hyphens: 0, Special Chars: 3

   ğŸ“ Forms Detected:
      Total Forms: 3
      Password Fields: 1
      Email"
https://accounts.mgovcloud.in/signin?servicename=AaaServer&serviceurl=https%3A%2F%2Faccounts.mgovcloud.in%2Fhome,mgovcloud.in,"https://accounts.mgovcloud.in/signin?servicename=AaaServer&serviceurl=https%3A%2F%2Faccounts.mgovcloud.in%2Fhome ğŸš¨ VERDICT: BENIGN (Risk Score: 20/100, Confidence: 0.50)
   Risk Indicators: Long URL, High URL entropy

Domain: accounts.mgovcloud.in
URL: https://accounts.mgovcloud.in/signin?servicename=AaaServer&serviceurl=https%3A%2F%2Faccounts.mgovcloud.in%2Fhome
Registrable Domain: mgovcloud.in

ğŸ” Page Features & Analysis:

   URL Structure:
      Length: 112 chars, Entropy: 4.62
      Subdomains: 1, Hyphe"
https://sbi.co.in/redirect/,sbi.co.in,"https://sbi.co.in/redirect/ ğŸš¨ VERDICT: BENIGN (Risk Score: 0/100, Confidence: 0.50)

Domain: sbi.co.in
URL: https://sbi.co.in/redirect/
Registrable Domain: sbi.co.in

ğŸ” Page Features & Analysis:

   URL Structure:
      Length: 27 chars, Entropy: 3.74
      Subdomains: 1, Hyphens: 0, Special Chars: 0

   ğŸ“„ Page Content:
      External Links: 1

   ğŸš© Phishing Keywords Detected: secure

ğŸ“Š Metadata:
   First Seen: 2025-10-15T03:57:34.352729+00:00
   Processing Stage: rules:benign"
https://icicidirect.com/login.aspx?ReturnUrl=%2f,icicidirect.com,"https://icicidirect.com/login.aspx?ReturnUrl=%2f ğŸš¨ VERDICT: BENIGN (Risk Score: 15/100, Confidence: 0.50)
   Risk Indicators: High URL entropy

Domain: icicidirect.com
URL: https://icicidirect.com/login.aspx?ReturnUrl=%2f
Registrable Domain: icicidirect.com

ğŸ” Page Features & Analysis:

   URL Structure:
      Length: 48 chars, Entropy: 4.52
      Subdomains: 0, Hyphens: 0, Special Chars: 3

   ğŸ“„ Page Content:
      External Links: 47

   ğŸš© Phishing Keywords Detected: account, login, suspended

   âš ï¸ JavaSc"
https://pnb.bank.in/hi/,pnbindia.in,"https://pnb.bank.in/hi/ ğŸš¨ VERDICT: BENIGN (Risk Score: 0/100, Confidence: 0.50)

Domain: pnb.bank.in
URL: https://pnb.bank.in/hi/
Registrable Domain: pnbindia.in

ğŸ” Page Features & Analysis:

   URL Structure:
      Length: 23 chars, Entropy: 3.45
      Subdomains: 1, Hyphens: 0, Special Chars: 0

   ğŸ“ Forms Detected:
      Total Forms: 1
      Password Fields: 0
      Email Fields: 0

   ğŸ“„ Page Content:
      External Links: 779

   âš ï¸ JavaScript Behavior:
      ğŸš¨ KEYLOGGER PATTERNS DETECTED
      âš ï¸ Form "
https://www.airtel.in/,airtel.in,"https://www.airtel.in/ ğŸš¨ VERDICT: BENIGN (Risk Score: 0/100, Confidence: 0.50)

Domain: www.airtel.in
URL: https://www.airtel.in/
Registrable Domain: airtel.in

ğŸ” Page Features & Analysis:

   URL Structure:
      Length: 22 chars, Entropy: 3.63
      Subdomains: 1, Hyphens: 0, Special Chars: 0

   ğŸ“„ Page Content:
      External Links: 14

   ğŸš© Phishing Keywords Detected: account, login

   âš ï¸ JavaScript Behavior:

ğŸ“Š Metadata:
   First Seen: 2025-10-15T03:58:02.181020+00:00
   Processing Stage: rules:benign"
https://www.icicibank.com/,icicibank.com,"https://www.icicibank.com/ ğŸš¨ VERDICT: BENIGN (Risk Score: 0/100, Confidence: 0.50)

Domain: www.icicibank.com
URL: https://www.icicibank.com/
Registrable Domain: icicibank.com

ğŸ” Page Features & Analysis:

   URL Structure:
      Length: 26 chars, Entropy: 3.82
      Subdomains: 1, Hyphens: 0, Special Chars: 0

   ğŸ“ Forms Detected:
      Total Forms: 1
      Password Fields: 0
      Email Fields: 0

   ğŸ“„ Page Content:
      External Links: 92

   ğŸš© Phishing Keywords Detected: account, login

   âš ï¸ JavaScrip"
https://www.airtel.com/,airtel.com,"https://www.airtel.com/ ğŸš¨ VERDICT: BENIGN (Risk Score: 0/100, Confidence: 0.50)

Domain: www.airtel.com
URL: https://www.airtel.com/
Registrable Domain: airtel.com

ğŸ” Page Features & Analysis:

   URL Structure:
      Length: 23 chars, Entropy: 3.82
      Subdomains: 1, Hyphens: 0, Special Chars: 0

   ğŸ“„ Page Content:
      External Links: 12

   âš ï¸ JavaScript Behavior:

ğŸ“Š Metadata:
   First Seen: 2025-10-15T03:58:10.020670+00:00
   Processing Stage: rules:benign"
https://www.sbicard.com/,sbicard.com,"https://www.sbicard.com/ ğŸš¨ VERDICT: BENIGN (Risk Score: 0/100, Confidence: 0.50)

Domain: www.sbicard.com
URL: https://www.sbicard.com/
Registrable Domain: sbicard.com

ğŸ” Page Features & Analysis:

   URL Structure:
      Length: 24 chars, Entropy: 3.86
      Subdomains: 1, Hyphens: 0, Special Chars: 0

   ğŸ“ Forms Detected:
      Total Forms: 4
      Password Fields: 0
      Email Fields: 0

   ğŸ“„ Page Content:
      External Links: 20

   ğŸš© Phishing Keywords Detected: password, account, login, secure, verif"
https://epay.sbi.bank.in/secure/home,sbiepay.sbi,"https://epay.sbi.bank.in/secure/home ğŸš¨ VERDICT: BENIGN (Risk Score: 10/100, Confidence: 0.50)
   Risk Indicators: Elevated URL entropy

Domain: epay.sbi.bank.in
URL: https://epay.sbi.bank.in/secure/home
Registrable Domain: sbiepay.sbi

ğŸ” Page Features & Analysis:

   URL Structure:
      Length: 36 chars, Entropy: 4.07
      Subdomains: 2, Hyphens: 0, Special Chars: 0

   ğŸ“„ Page Content:
      External Links: 5

   ğŸš© Phishing Keywords Detected: password, account, login, secure, verify

   âš ï¸ JavaScript Beha"
https://www.hdfcergo.com/,hdfcergo.com,"https://www.hdfcergo.com/ ğŸš¨ VERDICT: BENIGN (Risk Score: 0/100, Confidence: 0.50)

Domain: www.hdfcergo.com
URL: https://www.hdfcergo.com/
Registrable Domain: hdfcergo.com

ğŸ” Page Features & Analysis:

   URL Structure:
      Length: 25 chars, Entropy: 3.86
      Subdomains: 1, Hyphens: 0, Special Chars: 0

   ğŸ“ Forms Detected:
      Total Forms: 5
      Password Fields: 0
      Email Fields: 0

   ğŸ“„ Page Content:
      External Links: 139

   ğŸš© Phishing Keywords Detected: password, account, login, secure

"
https://feba.bobibanking.com/default.htm,bobibanking.com,"https://feba.bobibanking.com/default.htm ğŸš¨ VERDICT: BENIGN (Risk Score: 10/100, Confidence: 0.50)
   Risk Indicators: Elevated URL entropy

Domain: feba.bobibanking.com
URL: https://feba.bobibanking.com/default.htm
Registrable Domain: bobibanking.com

ğŸ” Page Features & Analysis:

   URL Structure:
      Length: 40 chars, Entropy: 4.22
      Subdomains: 1, Hyphens: 0, Special Chars: 0

   ğŸ“ Forms Detected:
      Total Forms: 1
      Password Fields: 0
      Email Fields: 0

   ğŸ“„ Page Content:
      External "
https://www.hdfclife.com/,hdfclife.com,"https://www.hdfclife.com/ ğŸš¨ VERDICT: BENIGN (Risk Score: 0/100, Confidence: 0.50)

Domain: www.hdfclife.com
URL: https://www.hdfclife.com/
Registrable Domain: hdfclife.com

ğŸ” Page Features & Analysis:

   URL Structure:
      Length: 25 chars, Entropy: 3.86
      Subdomains: 1, Hyphens: 0, Special Chars: 0

   ğŸ“ Forms Detected:
      Total Forms: 21
      Password Fields: 0
      Email Fields: 6
      Submit Buttons: GET APP LINK, GET APP LINK, PROCEED, Verify, PROCEED

   ğŸ“„ Page Content:
      External Lin"
